timestamp,date,home,away,abbr_home,abbr_away,pick,abbr_pick,odds,model_prob,edge,edge_pct,qualifies,kelly_stake_pct,line,spread,market,kind,c_team_edge,c_qb_edge,c_offense_edge,c_defense_edge,c_turnover_edge,c_ats_form_edge,c_h2h_edge,c_weather_edge,c_rest_edge,c_injury_edge,c_home_field_edge
2026-07-17T06:41:58.512337,2026-07-17,Seattle Seahawks,New England Patriots,,,Seattle Seahawks,,-192,54.9,-10.9,-10.9,False,0.0,,-3.5,Moneyline,team,0.0,0.0,0.0,0.0,0.0,0.0,0.0,0.0,0.0,0.0,0.025
2026-07-17T06:42:00.627077,2026-07-17,Los Angeles Rams,San Francisco 49ers,,,Los Angeles Rams,,-170,54.4,-8.5,-8.5,False,0.0,,-3.0,Moneyline,team,0.0,0.0,0.0,0.0,0.0,0.0,0.0,0.0,0.0,0.0,0.025
2026-07-17T06:42:02.816090,2026-07-17,Pittsburgh Steelers,Atlanta Falcons,,,Pittsburgh Steelers,,-170,54.4,-8.5,-8.5,False,0.0,,-3.0,Moneyline,team,0.0,0.0,0.0,0.0,0.0,0.0,0.0,0.0,0.0,0.0,0.025
2026-07-17T06:42:05.004240,2026-07-17,Indianapolis Colts,Baltimore Ravens,,,Indianapolis Colts,,154,50.9,11.5,11.5,True,4.76,,3.5,Moneyline,team,0.0,0.0,0.0,0.0,0.0,0.0,0.0,0.0,0.0,0.0,0.025
2026-07-17T06:42:07.400886,2026-07-17,Houston Texans,Buffalo Bills,,,Houston Texans,,-105,52.7,1.5,1.5,True,0.75,,1.5,Moneyline,team,0.0,0.0,0.0,0.0,0.0,0.0,0.0,0.0,0.0,0.0,0.025
2026-07-17T06:42:09.461780,2026-07-17,Carolina Panthers,Chicago Bears,,,Carolina Panthers,,114,52.0,5.3,5.3,True,2.48,,2.5,Moneyline,team,0.0,0.0,0.0,0.0,0.0,0.0,0.0,0.0,0.0,0.0,0.025
2026-07-17T06:42:11.634945,2026-07-17,Cincinnati Bengals,Tampa Bay Buccaneers,,,Cincinnati Bengals,,-198,55.0,-11.5,-11.5,False,0.0,,-3.5,Moneyline,team,0.0,0.0,0.0,0.0,0.0,0.0,0.0,0.0,0.0,0.0,0.025
2026-07-17T06:42:13.871619,2026-07-17,Jacksonville Jaguars,Cleveland Browns,,,Jacksonville Jaguars,,-355,56.7,-21.3,-21.3,False,0.0,,-7.5,Moneyline,team,0.0,0.0,0.0,0.0,0.0,0.0,0.0,0.0,0.0,0.0,0.025
2026-07-17T06:42:16.274339,2026-07-17,Detroit Lions,New Orleans Saints,,,Detroit Lions,,-325,56.5,-20.0,-20.0,False,0.0,,-7.0,Moneyline,team,0.0,0.0,0.0,0.0,0.0,0.0,0.0,0.0,0.0,0.0,0.025
2026-07-17T06:42:18.451696,2026-07-17,Tennessee Titans,New York Jets,,,Tennessee Titans,,-162,54.3,-7.6,-7.6,False,0.0,,-3.0,Moneyline,team,0.0,0.0,0.0,0.0,0.0,0.0,0.0,0.0,0.0,0.0,0.025
2026-07-17T06:42:20.015541,2026-07-17,Los Angeles Chargers,Arizona Cardinals,,,Los Angeles Chargers,,-600,57.9,-27.9,-27.9,False,0.0,,-11.5,Moneyline,team,0.0,0.0,0.0,0.0,0.0,0.0,0.0,0.0,0.0,0.0,0.025
2026-07-17T06:42:22.354743,2026-07-17,Minnesota Vikings,Green Bay Packers,,,Minnesota Vikings,,-108,52.8,0.9,0.9,True,0.45,,1.5,Moneyline,team,0.0,0.0,0.0,0.0,0.0,0.0,0.0,0.0,0.0,0.0,0.025
2026-07-17T06:42:24.513469,2026-07-17,Las Vegas Raiders,Miami Dolphins,,,Las Vegas Raiders,,-170,54.4,-8.5,-8.5,False,0.0,,-3.0,Moneyline,team,0.0,0.0,0.0,0.0,0.0,0.0,0.0,0.0,0.0,0.0,0.025
2026-07-17T06:42:26.773765,2026-07-17,Philadelphia Eagles,Washington Commanders,,,Philadelphia Eagles,,-238,55.6,-14.9,-14.9,False,0.0,,-5.5,Moneyline,team,0.0,0.0,0.0,0.0,0.0,0.0,0.0,0.0,0.0,0.0,0.025
2026-07-17T06:42:29.157660,2026-07-17,New York Giants,Dallas Cowboys,,,New York Giants,,114,52.0,5.3,5.3,True,2.48,,2.5,Moneyline,team,0.0,0.0,0.0,0.0,0.0,0.0,0.0,0.0,0.0,0.0,0.025
2026-07-17T06:42:31.441850,2026-07-17,Kansas City Chiefs,Denver Broncos,,,Kansas City Chiefs,,-148,54.0,-5.7,-5.7,False,0.0,,-2.5,Moneyline,team,0.0,0.0,0.0,0.0,0.0,0.0,0.0,0.0,0.0,0.0,0.025
2026-07-17T06:42:32.118201,2026-07-17,Buffalo Bills,Detroit Lions,,,Buffalo Bills,,-155,54.1,-6.7,-6.7,False,0.0,,-3.0,Moneyline,team,0.0,0.0,0.0,0.0,0.0,0.0,0.0,0.0,0.0,0.0,0.025
2026-07-17T06:42:32.770126,2026-07-17,Atlanta Falcons,Carolina Panthers,,,Atlanta Falcons,,-120,53.2,-1.4,-1.4,False,0.0,,-1.5,Moneyline,team,0.0,0.0,0.0,0.0,0.0,0.0,0.0,0.0,0.0,0.0,0.025
2026-07-17T06:42:33.461596,2026-07-17,Baltimore Ravens,New Orleans Saints,,,Baltimore Ravens,,-375,56.8,-22.1,-22.1,False,0.0,,-7.5,Moneyline,team,0.0,0.0,0.0,0.0,0.0,0.0,0.0,0.0,0.0,0.0,0.025
2026-07-17T06:42:34.146683,2026-07-17,Chicago Bears,Minnesota Vikings,,,Chicago Bears,,-180,54.6,-9.6,-9.6,False,0.0,,-3.5,Moneyline,team,0.0,0.0,0.0,0.0,0.0,0.0,0.0,0.0,0.0,0.0,0.025
2026-07-17T06:42:34.147537,2026-07-17,Houston Texans,Cincinnati Bengals,,,Houston Texans,,-135,53.6,-3.8,-3.8,False,0.0,,-2.5,Moneyline,team,0.0,0.0,0.0,0.0,0.0,0.0,0.0,0.0,0.0,0.0,0.025
2026-07-17T06:42:34.836675,2026-07-17,Tampa Bay Buccaneers,Cleveland Browns,,,Tampa Bay Buccaneers,,-285,56.1,-17.9,-17.9,False,0.0,,-6.5,Moneyline,team,0.0,0.0,0.0,0.0,0.0,0.0,0.0,0.0,0.0,0.0,0.025
2026-07-17T06:42:34.837606,2026-07-17,New York Jets,Green Bay Packers,,,Green Bay Packers,,-215,50.2,-18.0,-18.0,False,0.0,,6.0,Moneyline,team,0.0,0.0,0.0,0.0,0.0,0.0,0.0,0.0,0.0,0.0,0.025
2026-07-17T06:42:35.539449,2026-07-17,New England Patriots,Pittsburgh Steelers,,,New England Patriots,,-225,55.4,-13.8,-13.8,False,0.0,,-4.5,Moneyline,team,0.0,0.0,0.0,0.0,0.0,0.0,0.0,0.0,0.0,0.0,0.025
2026-07-17T06:42:35.540374,2026-07-17,Tennessee Titans,Philadelphia Eagles,,,Tennessee Titans,,180,50.4,14.6,14.6,True,5.69,,4.5,Moneyline,team,0.0,0.0,0.0,0.0,0.0,0.0,0.0,0.0,0.0,0.0,0.025
2026-07-17T06:42:36.247307,2026-07-17,Denver Broncos,Jacksonville Jaguars,,,Denver Broncos,,-148,54.0,-5.7,-5.7,False,0.0,,-3.0,Moneyline,team,0.0,0.0,0.0,0.0,0.0,0.0,0.0,0.0,0.0,0.0,0.025
2026-07-17T06:42:36.248140,2026-07-17,Los Angeles Chargers,Las Vegas Raiders,,,Los Angeles Chargers,,-425,57.1,-23.8,-23.8,False,0.0,,-8.5,Moneyline,team,0.0,0.0,0.0,0.0,0.0,0.0,0.0,0.0,0.0,0.0,0.025
2026-07-17T06:42:36.924056,2026-07-17,Arizona Cardinals,Seattle Seahawks,,,Seattle Seahawks,,-370,51.8,-26.9,-26.9,False,0.0,,10.0,Moneyline,team,0.0,0.0,0.0,0.0,0.0,0.0,0.0,0.0,0.0,0.0,0.025
2026-07-17T06:42:37.601620,2026-07-17,Dallas Cowboys,Washington Commanders,,,Dallas Cowboys,,-205,55.1,-12.1,-12.1,False,0.0,,-4.5,Moneyline,team,0.0,0.0,0.0,0.0,0.0,0.0,0.0,0.0,0.0,0.0,0.025
2026-07-17T06:42:38.239995,2026-07-17,San Francisco 49ers,Miami Dolphins,,,San Francisco 49ers,,-535,57.6,-26.6,-26.6,False,0.0,,-10.5,Moneyline,team,0.0,0.0,0.0,0.0,0.0,0.0,0.0,0.0,0.0,0.0,0.025
2026-07-17T06:42:38.240877,2026-07-17,Kansas City Chiefs,Indianapolis Colts,,,Kansas City Chiefs,,-265,55.9,-16.7,-16.7,False,0.0,,-6.0,Moneyline,team,0.0,0.0,0.0,0.0,0.0,0.0,0.0,0.0,0.0,0.0,0.025
2026-07-17T06:42:38.241659,2026-07-17,Los Angeles Rams,New York Giants,,,Los Angeles Rams,,-410,57.1,-23.3,-23.3,False,0.0,,-9.5,Moneyline,team,0.0,0.0,0.0,0.0,0.0,0.0,0.0,0.0,0.0,0.0,0.025
2026-07-17T06:42:38.909982,2026-07-17,Green Bay Packers,Atlanta Falcons,,,Green Bay Packers,,-345,56.6,-20.9,-20.9,False,0.0,,-7.5,Moneyline,team,0.0,0.0,0.0,0.0,0.0,0.0,0.0,0.0,0.0,0.0,0.025
2026-07-17T06:42:38.910919,2026-07-17,Buffalo Bills,Los Angeles Chargers,,,Buffalo Bills,,-135,53.6,-3.8,-3.8,False,0.0,,-2.5,Moneyline,team,0.0,0.0,0.0,0.0,0.0,0.0,0.0,0.0,0.0,0.0,0.025
2026-07-17T06:42:39.539895,2026-07-17,Cleveland Browns,Carolina Panthers,,,Cleveland Browns,,114,52.0,5.3,5.3,True,2.48,,2.5,Moneyline,team,0.0,0.0,0.0,0.0,0.0,0.0,0.0,0.0,0.0,0.0,0.025
2026-07-17T06:42:39.540897,2026-07-17,Pittsburgh Steelers,Cincinnati Bengals,,,Pittsburgh Steelers,,-105,52.7,1.5,1.5,True,0.75,,1.5,Moneyline,team,0.0,0.0,0.0,0.0,0.0,0.0,0.0,0.0,0.0,0.0,0.025
2026-07-17T06:42:39.541847,2026-07-17,Detroit Lions,New York Jets,,,Detroit Lions,,-440,57.2,-24.3,-24.3,False,0.0,,-9.5,Moneyline,team,0.0,0.0,0.0,0.0,0.0,0.0,0.0,0.0,0.0,0.0,0.025
2026-07-17T06:42:39.542663,2026-07-17,Indianapolis Colts,Houston Texans,,,Indianapolis Colts,,110,52.1,4.5,4.5,True,2.16,,2.5,Moneyline,team,0.0,0.0,0.0,0.0,0.0,0.0,0.0,0.0,0.0,0.0,0.025
2026-07-17T06:42:39.543445,2026-07-17,Jacksonville Jaguars,New England Patriots,,,Jacksonville Jaguars,,-118,53.1,-1.0,-1.0,False,0.0,,-1.5,Moneyline,team,0.0,0.0,0.0,0.0,0.0,0.0,0.0,0.0,0.0,0.0,0.025
2026-07-17T06:42:40.228550,2026-07-17,Miami Dolphins,Kansas City Chiefs,,,Kansas City Chiefs,,-269,50.9,-22.0,-22.0,False,0.0,,7.0,Moneyline,team,0.0,0.0,0.0,0.0,0.0,0.0,0.0,0.0,0.0,0.0,0.025
2026-07-17T06:42:40.229572,2026-07-17,New York Giants,Tennessee Titans,,,New York Giants,,-170,54.4,-8.5,-8.5,False,0.0,,-3.0,Moneyline,team,0.0,0.0,0.0,0.0,0.0,0.0,0.0,0.0,0.0,0.0,0.025
2026-07-17T06:42:40.912113,2026-07-17,Washington Commanders,Seattle Seahawks,,,Washington Commanders,,164,50.7,12.8,12.8,True,5.15,,3.5,Moneyline,team,0.0,0.0,0.0,0.0,0.0,0.0,0.0,0.0,0.0,0.0,0.025
2026-07-17T06:42:40.913133,2026-07-17,San Francisco 49ers,Arizona Cardinals,,,San Francisco 49ers,,-575,57.8,-27.4,-27.4,False,0.0,,-11.5,Moneyline,team,0.0,0.0,0.0,0.0,0.0,0.0,0.0,0.0,0.0,0.0,0.025
2026-07-17T06:42:40.914104,2026-07-17,Tampa Bay Buccaneers,Minnesota Vikings,,,Tampa Bay Buccaneers,,-125,53.3,-2.2,-2.2,False,0.0,,-1.5,Moneyline,team,0.0,0.0,0.0,0.0,0.0,0.0,0.0,0.0,0.0,0.0,0.025
2026-07-17T06:42:40.915023,2026-07-17,Dallas Cowboys,Baltimore Ravens,,,Dallas Cowboys,,114,52.0,5.3,5.3,True,2.48,,2.5,Moneyline,team,0.0,0.0,0.0,0.0,0.0,0.0,0.0,0.0,0.0,0.0,0.025
2026-07-17T06:42:41.592940,2026-07-17,New Orleans Saints,Las Vegas Raiders,,,New Orleans Saints,,-162,54.3,-7.6,-7.6,False,0.0,,-3.0,Moneyline,team,0.0,0.0,0.0,0.0,0.0,0.0,0.0,0.0,0.0,0.0,0.025
2026-07-17T06:42:41.593895,2026-07-17,Denver Broncos,Los Angeles Rams,,,Denver Broncos,,136,51.4,9.0,9.0,True,3.9,,3.0,Moneyline,team,0.0,0.0,0.0,0.0,0.0,0.0,0.0,0.0,0.0,0.0,0.025
2026-07-17T06:42:41.594879,2026-07-17,Chicago Bears,Philadelphia Eagles,,,Chicago Bears,,-118,53.1,-1.0,-1.0,False,0.0,,-1.5,Moneyline,team,0.0,0.0,0.0,0.0,0.0,0.0,0.0,0.0,0.0,0.0,0.025
2026-07-17T06:42:41.595768,2026-07-17,Cleveland Browns,Pittsburgh Steelers,,,Cleveland Browns,,136,51.4,9.0,9.0,True,3.9,,3.0,Moneyline,team,0.0,0.0,0.0,0.0,0.0,0.0,0.0,0.0,0.0,0.0,0.025
2026-07-17T06:42:41.596659,2026-07-17,Washington Commanders,Indianapolis Colts,,,Washington Commanders,,-112,52.9,0.1,0.1,True,0.05,,-1.5,Moneyline,team,0.0,0.0,0.0,0.0,0.0,0.0,0.0,0.0,0.0,0.0,0.025
2026-07-17T06:42:41.597518,2026-07-17,New York Giants,Arizona Cardinals,,,New York Giants,,-310,56.3,-19.3,-19.3,False,0.0,,-7.0,Moneyline,team,0.0,0.0,0.0,0.0,0.0,0.0,0.0,0.0,0.0,0.0,0.025
2026-07-17T06:42:41.598300,2026-07-17,Baltimore Ravens,Tennessee Titans,,,Baltimore Ravens,,-395,57.0,-22.8,-22.8,False,0.0,,-8.5,Moneyline,team,0.0,0.0,0.0,0.0,0.0,0.0,0.0,0.0,0.0,0.0,0.025
2026-07-17T06:42:41.599122,2026-07-17,Buffalo Bills,New England Patriots,,,Buffalo Bills,,-162,54.3,-7.6,-7.6,False,0.0,,-3.0,Moneyline,team,0.0,0.0,0.0,0.0,0.0,0.0,0.0,0.0,0.0,0.0,0.025
2026-07-17T06:42:41.599920,2026-07-17,Chicago Bears,New York Jets,,,Chicago Bears,,-410,57.1,-23.3,-23.3,False,0.0,,-8.5,Moneyline,team,0.0,0.0,0.0,0.0,0.0,0.0,0.0,0.0,0.0,0.0,0.025
2026-07-17T06:42:41.600678,2026-07-17,Cincinnati Bengals,Jacksonville Jaguars,,,Cincinnati Bengals,,-142,53.8,-4.9,-4.9,False,0.0,,-2.5,Moneyline,team,0.0,0.0,0.0,0.0,0.0,0.0,0.0,0.0,0.0,0.0,0.025
2026-07-17T06:42:41.601446,2026-07-17,Houston Texans,Dallas Cowboys,,,Houston Texans,,-135,53.6,-3.8,-3.8,False,0.0,,-2.5,Moneyline,team,0.0,0.0,0.0,0.0,0.0,0.0,0.0,0.0,0.0,0.0,0.025
2026-07-17T06:42:41.602244,2026-07-17,Tampa Bay Buccaneers,Green Bay Packers,,,Tampa Bay Buccaneers,,105,52.3,3.5,3.5,True,1.73,,1.5,Moneyline,team,0.0,0.0,0.0,0.0,0.0,0.0,0.0,0.0,0.0,0.0,0.025
2026-07-17T06:42:41.602992,2026-07-17,Philadelphia Eagles,Los Angeles Rams,,,Philadelphia Eagles,,120,51.8,6.4,6.4,True,2.92,,2.5,Moneyline,team,0.0,0.0,0.0,0.0,0.0,0.0,0.0,0.0,0.0,0.0,0.025
2026-07-17T06:42:41.603744,2026-07-17,Minnesota Vikings,Miami Dolphins,,,Minnesota Vikings,,-380,56.9,-22.3,-22.3,False,0.0,,-7.5,Moneyline,team,0.0,0.0,0.0,0.0,0.0,0.0,0.0,0.0,0.0,0.0,0.025
2026-07-17T06:42:41.604517,2026-07-17,San Francisco 49ers,Denver Broncos,,,San Francisco 49ers,,-148,54.0,-5.7,-5.7,False,0.0,,-2.5,Moneyline,team,0.0,0.0,0.0,0.0,0.0,0.0,0.0,0.0,0.0,0.0,0.025
2026-07-17T06:42:41.605314,2026-07-17,Las Vegas Raiders,Kansas City Chiefs,,,Las Vegas Raiders,,200,50.0,16.7,16.7,True,6.25,,5.5,Moneyline,team,0.0,0.0,0.0,0.0,0.0,0.0,0.0,0.0,0.0,0.0,0.025
2026-07-17T06:42:41.606094,2026-07-17,Seattle Seahawks,Los Angeles Chargers,,,Seattle Seahawks,,-162,54.3,-7.6,-7.6,False,0.0,,-3.0,Moneyline,team,0.0,0.0,0.0,0.0,0.0,0.0,0.0,0.0,0.0,0.0,0.025
2026-07-17T06:42:41.606879,2026-07-17,Carolina Panthers,Detroit Lions,,,Carolina Panthers,,136,51.4,9.0,9.0,True,3.9,,3.0,Moneyline,team,0.0,0.0,0.0,0.0,0.0,0.0,0.0,0.0,0.0,0.0,0.025
2026-07-17T06:42:41.607691,2026-07-17,New Orleans Saints,Atlanta Falcons,,,New Orleans Saints,,-135,53.6,-3.8,-3.8,False,0.0,,-2.5,Moneyline,team,0.0,0.0,0.0,0.0,0.0,0.0,0.0,0.0,0.0,0.0,0.025
2026-07-17T06:42:41.608449,2026-07-17,Dallas Cowboys,Tampa Bay Buccaneers,,,Dallas Cowboys,,-192,54.9,-10.9,-10.9,False,0.0,,-3.5,Moneyline,team,0.0,0.0,0.0,0.0,0.0,0.0,0.0,0.0,0.0,0.0,0.025
2026-07-17T06:42:41.609205,2026-07-17,Jacksonville Jaguars,Philadelphia Eagles,,,Jacksonville Jaguars,,110,52.1,4.5,4.5,True,2.16,,2.5,Moneyline,team,0.0,0.0,0.0,0.0,0.0,0.0,0.0,0.0,0.0,0.0,0.025
2026-07-17T06:42:41.609968,2026-07-17,Miami Dolphins,Cincinnati Bengals,,,Cincinnati Bengals,,-205,50.1,-17.1,-17.1,False,0.0,,5.5,Moneyline,team,0.0,0.0,0.0,0.0,0.0,0.0,0.0,0.0,0.0,0.0,0.025
2026-07-17T06:42:41.610727,2026-07-17,New York Jets,Cleveland Browns,,,New York Jets,,-135,53.6,-3.8,-3.8,False,0.0,,-2.5,Moneyline,team,0.0,0.0,0.0,0.0,0.0,0.0,0.0,0.0,0.0,0.0,0.025
2026-07-17T06:42:41.611506,2026-07-17,Tennessee Titans,Houston Texans,,,Tennessee Titans,,160,50.8,12.3,12.3,True,5.0,,3.5,Moneyline,team,0.0,0.0,0.0,0.0,0.0,0.0,0.0,0.0,0.0,0.0,0.025
2026-07-17T06:42:41.612320,2026-07-17,Pittsburgh Steelers,Indianapolis Colts,,,Pittsburgh Steelers,,-142,53.8,-4.9,-4.9,False,0.0,,-2.5,Moneyline,team,0.0,0.0,0.0,0.0,0.0,0.0,0.0,0.0,0.0,0.0,0.025
2026-07-17T06:42:41.613125,2026-07-17,New England Patriots,Las Vegas Raiders,,,New England Patriots,,-410,57.1,-23.3,-23.3,False,0.0,,-8.5,Moneyline,team,0.0,0.0,0.0,0.0,0.0,0.0,0.0,0.0,0.0,0.0,0.025
2026-07-17T06:42:41.613877,2026-07-17,New Orleans Saints,Minnesota Vikings,,,New Orleans Saints,,100,52.5,2.5,2.5,True,1.25,,1.5,Moneyline,team,0.0,0.0,0.0,0.0,0.0,0.0,0.0,0.0,0.0,0.0,0.025
2026-07-17T06:42:41.614608,2026-07-17,Washington Commanders,New York Giants,,,Washington Commanders,,-135,53.6,-3.8,-3.8,False,0.0,,-2.5,Moneyline,team,0.0,0.0,0.0,0.0,0.0,0.0,0.0,0.0,0.0,0.0,0.025
2026-07-17T06:42:41.615347,2026-07-17,Los Angeles Chargers,Denver Broncos,,,Los Angeles Chargers,,-148,54.0,-5.7,-5.7,False,0.0,,-2.5,Moneyline,team,0.0,0.0,0.0,0.0,0.0,0.0,0.0,0.0,0.0,0.0,0.025
2026-07-17T06:42:41.616079,2026-07-17,Seattle Seahawks,San Francisco 49ers,,,Seattle Seahawks,,-205,55.1,-12.1,-12.1,False,0.0,,-3.5,Moneyline,team,0.0,0.0,0.0,0.0,0.0,0.0,0.0,0.0,0.0,0.0,0.025
2026-07-17T06:47:51.492183,2026-07-17,Seattle Seahawks,New England Patriots,,,Seattle Seahawks,,-192,54.9,-10.9,-10.9,False,0.0,,-3.5,Moneyline,team,0.0,0.0,0.0,0.0,0.0,0.0,0.0,0.0,0.0,0.0,0.025
2026-07-17T06:47:51.494942,2026-07-17,Los Angeles Rams,San Francisco 49ers,,,Los Angeles Rams,,-170,54.4,-8.5,-8.5,False,0.0,,-3.0,Moneyline,team,0.0,0.0,0.0,0.0,0.0,0.0,0.0,0.0,0.0,0.0,0.025
2026-07-17T06:47:51.498651,2026-07-17,Pittsburgh Steelers,Atlanta Falcons,,,Pittsburgh Steelers,,-170,54.4,-8.5,-8.5,False,0.0,,-3.0,Moneyline,team,0.0,0.0,0.0,0.0,0.0,0.0,0.0,0.0,0.0,0.0,0.025
2026-07-17T06:47:51.501963,2026-07-17,Indianapolis Colts,Baltimore Ravens,,,Indianapolis Colts,,154,50.9,11.5,11.5,True,4.76,,3.5,Moneyline,team,0.0,0.0,0.0,0.0,0.0,0.0,0.0,0.0,0.0,0.0,0.025
2026-07-17T06:47:51.504971,2026-07-17,Houston Texans,Buffalo Bills,,,Houston Texans,,-105,52.7,1.5,1.5,True,0.75,,1.5,Moneyline,team,0.0,0.0,0.0,0.0,0.0,0.0,0.0,0.0,0.0,0.0,0.025
2026-07-17T06:47:51.507950,2026-07-17,Carolina Panthers,Chicago Bears,,,Carolina Panthers,,114,52.0,5.3,5.3,True,2.48,,2.5,Moneyline,team,0.0,0.0,0.0,0.0,0.0,0.0,0.0,0.0,0.0,0.0,0.025
2026-07-17T06:47:51.510909,2026-07-17,Cincinnati Bengals,Tampa Bay Buccaneers,,,Cincinnati Bengals,,-198,55.0,-11.5,-11.5,False,0.0,,-3.5,Moneyline,team,0.0,0.0,0.0,0.0,0.0,0.0,0.0,0.0,0.0,0.0,0.025
2026-07-17T06:47:51.514321,2026-07-17,Jacksonville Jaguars,Cleveland Browns,,,Jacksonville Jaguars,,-355,56.7,-21.3,-21.3,False,0.0,,-7.5,Moneyline,team,0.0,0.0,0.0,0.0,0.0,0.0,0.0,0.0,0.0,0.0,0.025
2026-07-17T06:47:51.520229,2026-07-17,Detroit Lions,New Orleans Saints,,,Detroit Lions,,-325,56.5,-20.0,-20.0,False,0.0,,-7.0,Moneyline,team,0.0,0.0,0.0,0.0,0.0,0.0,0.0,0.0,0.0,0.0,0.025
2026-07-17T06:47:51.522808,2026-07-17,Tennessee Titans,New York Jets,,,Tennessee Titans,,-162,54.3,-7.6,-7.6,False,0.0,,-3.0,Moneyline,team,0.0,0.0,0.0,0.0,0.0,0.0,0.0,0.0,0.0,0.0,0.025
2026-07-17T06:47:51.524640,2026-07-17,Los Angeles Chargers,Arizona Cardinals,,,Los Angeles Chargers,,-600,57.9,-27.9,-27.9,False,0.0,,-11.5,Moneyline,team,0.0,0.0,0.0,0.0,0.0,0.0,0.0,0.0,0.0,0.0,0.025
2026-07-17T06:47:51.527573,2026-07-17,Minnesota Vikings,Green Bay Packers,,,Minnesota Vikings,,-108,52.8,0.9,0.9,True,0.45,,1.5,Moneyline,team,0.0,0.0,0.0,0.0,0.0,0.0,0.0,0.0,0.0,0.0,0.025
2026-07-17T06:47:51.533348,2026-07-17,Las Vegas Raiders,Miami Dolphins,,,Las Vegas Raiders,,-170,54.4,-8.5,-8.5,False,0.0,,-3.0,Moneyline,team,0.0,0.0,0.0,0.0,0.0,0.0,0.0,0.0,0.0,0.0,0.025
2026-07-17T06:47:51.537282,2026-07-17,Philadelphia Eagles,Washington Commanders,,,Philadelphia Eagles,,-238,55.6,-14.9,-14.9,False,0.0,,-5.5,Moneyline,team,0.0,0.0,0.0,0.0,0.0,0.0,0.0,0.0,0.0,0.0,0.025
2026-07-17T06:47:51.539986,2026-07-17,New York Giants,Dallas Cowboys,,,New York Giants,,114,52.0,5.3,5.3,True,2.48,,2.5,Moneyline,team,0.0,0.0,0.0,0.0,0.0,0.0,0.0,0.0,0.0,0.0,0.025
2026-07-17T06:47:51.542740,2026-07-17,Kansas City Chiefs,Denver Broncos,,,Kansas City Chiefs,,-148,54.0,-5.7,-5.7,False,0.0,,-2.5,Moneyline,team,0.0,0.0,0.0,0.0,0.0,0.0,0.0,0.0,0.0,0.0,0.025
2026-07-17T06:47:51.543839,2026-07-17,Buffalo Bills,Detroit Lions,,,Buffalo Bills,,-155,54.1,-6.7,-6.7,False,0.0,,-3.0,Moneyline,team,0.0,0.0,0.0,0.0,0.0,0.0,0.0,0.0,0.0,0.0,0.025
2026-07-17T06:47:51.545089,2026-07-17,Atlanta Falcons,Carolina Panthers,,,Atlanta Falcons,,-120,53.2,-1.4,-1.4,False,0.0,,-1.5,Moneyline,team,0.0,0.0,0.0,0.0,0.0,0.0,0.0,0.0,0.0,0.0,0.025
2026-07-17T06:47:51.546661,2026-07-17,Baltimore Ravens,New Orleans Saints,,,Baltimore Ravens,,-375,56.8,-22.1,-22.1,False,0.0,,-7.5,Moneyline,team,0.0,0.0,0.0,0.0,0.0,0.0,0.0,0.0,0.0,0.0,0.025
2026-07-17T06:47:51.547773,2026-07-17,Chicago Bears,Minnesota Vikings,,,Chicago Bears,,-180,54.6,-9.6,-9.6,False,0.0,,-3.5,Moneyline,team,0.0,0.0,0.0,0.0,0.0,0.0,0.0,0.0,0.0,0.0,0.025
2026-07-17T06:47:51.548745,2026-07-17,Houston Texans,Cincinnati Bengals,,,Houston Texans,,-135,53.6,-3.8,-3.8,False,0.0,,-2.5,Moneyline,team,0.0,0.0,0.0,0.0,0.0,0.0,0.0,0.0,0.0,0.0,0.025
2026-07-17T06:47:51.549915,2026-07-17,Tampa Bay Buccaneers,Cleveland Browns,,,Tampa Bay Buccaneers,,-285,56.1,-17.9,-17.9,False,0.0,,-6.5,Moneyline,team,0.0,0.0,0.0,0.0,0.0,0.0,0.0,0.0,0.0,0.0,0.025
2026-07-17T06:47:51.551174,2026-07-17,New York Jets,Green Bay Packers,,,Green Bay Packers,,-215,50.2,-18.0,-18.0,False,0.0,,6.0,Moneyline,team,0.0,0.0,0.0,0.0,0.0,0.0,0.0,0.0,0.0,0.0,0.025
2026-07-17T06:47:51.578629,2026-07-17,New England Patriots,Pittsburgh Steelers,,,New England Patriots,,-225,55.4,-13.8,-13.8,False,0.0,,-4.5,Moneyline,team,0.0,0.0,0.0,0.0,0.0,0.0,0.0,0.0,0.0,0.0,0.025
2026-07-17T06:47:51.583515,2026-07-17,Tennessee Titans,Philadelphia Eagles,,,Tennessee Titans,,180,50.4,14.6,14.6,True,5.69,,4.5,Moneyline,team,0.0,0.0,0.0,0.0,0.0,0.0,0.0,0.0,0.0,0.0,0.025
2026-07-17T06:47:51.585471,2026-07-17,Denver Broncos,Jacksonville Jaguars,,,Denver Broncos,,-148,54.0,-5.7,-5.7,False,0.0,,-3.0,Moneyline,team,0.0,0.0,0.0,0.0,0.0,0.0,0.0,0.0,0.0,0.0,0.025
2026-07-17T06:47:51.587341,2026-07-17,Los Angeles Chargers,Las Vegas Raiders,,,Los Angeles Chargers,,-425,57.1,-23.8,-23.8,False,0.0,,-8.5,Moneyline,team,0.0,0.0,0.0,0.0,0.0,0.0,0.0,0.0,0.0,0.0,0.025
2026-07-17T06:47:51.589170,2026-07-17,Arizona Cardinals,Seattle Seahawks,,,Seattle Seahawks,,-370,51.8,-26.9,-26.9,False,0.0,,10.0,Moneyline,team,0.0,0.0,0.0,0.0,0.0,0.0,0.0,0.0,0.0,0.0,0.025
2026-07-17T06:47:51.590726,2026-07-17,Dallas Cowboys,Washington Commanders,,,Dallas Cowboys,,-205,55.1,-12.1,-12.1,False,0.0,,-4.5,Moneyline,team,0.0,0.0,0.0,0.0,0.0,0.0,0.0,0.0,0.0,0.0,0.025
2026-07-17T06:47:51.592184,2026-07-17,San Francisco 49ers,Miami Dolphins,,,San Francisco 49ers,,-535,57.6,-26.6,-26.6,False,0.0,,-10.5,Moneyline,team,0.0,0.0,0.0,0.0,0.0,0.0,0.0,0.0,0.0,0.0,0.025
2026-07-17T06:47:51.593381,2026-07-17,Kansas City Chiefs,Indianapolis Colts,,,Kansas City Chiefs,,-265,55.9,-16.7,-16.7,False,0.0,,-6.0,Moneyline,team,0.0,0.0,0.0,0.0,0.0,0.0,0.0,0.0,0.0,0.0,0.025
2026-07-17T06:47:51.594923,2026-07-17,Los Angeles Rams,New York Giants,,,Los Angeles Rams,,-410,57.1,-23.3,-23.3,False,0.0,,-9.5,Moneyline,team,0.0,0.0,0.0,0.0,0.0,0.0,0.0,0.0,0.0,0.0,0.025
2026-07-17T06:47:51.597322,2026-07-17,Green Bay Packers,Atlanta Falcons,,,Green Bay Packers,,-345,56.6,-20.9,-20.9,False,0.0,,-7.5,Moneyline,team,0.0,0.0,0.0,0.0,0.0,0.0,0.0,0.0,0.0,0.0,0.025
2026-07-17T06:47:51.598767,2026-07-17,Buffalo Bills,Los Angeles Chargers,,,Buffalo Bills,,-135,53.6,-3.8,-3.8,False,0.0,,-2.5,Moneyline,team,0.0,0.0,0.0,0.0,0.0,0.0,0.0,0.0,0.0,0.0,0.025
2026-07-17T06:47:51.600392,2026-07-17,Cleveland Browns,Carolina Panthers,,,Cleveland Browns,,114,52.0,5.3,5.3,True,2.48,,2.5,Moneyline,team,0.0,0.0,0.0,0.0,0.0,0.0,0.0,0.0,0.0,0.0,0.025
2026-07-17T06:47:51.601372,2026-07-17,Pittsburgh Steelers,Cincinnati Bengals,,,Pittsburgh Steelers,,-105,52.7,1.5,1.5,True,0.75,,1.5,Moneyline,team,0.0,0.0,0.0,0.0,0.0,0.0,0.0,0.0,0.0,0.0,0.025
2026-07-17T06:47:51.602454,2026-07-17,Detroit Lions,New York Jets,,,Detroit Lions,,-440,57.2,-24.3,-24.3,False,0.0,,-9.5,Moneyline,team,0.0,0.0,0.0,0.0,0.0,0.0,0.0,0.0,0.0,0.0,0.025
2026-07-17T06:47:51.603371,2026-07-17,Indianapolis Colts,Houston Texans,,,Indianapolis Colts,,110,52.1,4.5,4.5,True,2.16,,2.5,Moneyline,team,0.0,0.0,0.0,0.0,0.0,0.0,0.0,0.0,0.0,0.0,0.025
2026-07-17T06:47:51.604344,2026-07-17,Jacksonville Jaguars,New England Patriots,,,Jacksonville Jaguars,,-118,53.1,-1.0,-1.0,False,0.0,,-1.5,Moneyline,team,0.0,0.0,0.0,0.0,0.0,0.0,0.0,0.0,0.0,0.0,0.025
2026-07-17T06:47:51.605673,2026-07-17,Miami Dolphins,Kansas City Chiefs,,,Kansas City Chiefs,,-269,50.9,-22.0,-22.0,False,0.0,,7.0,Moneyline,team,0.0,0.0,0.0,0.0,0.0,0.0,0.0,0.0,0.0,0.0,0.025
2026-07-17T06:47:51.607087,2026-07-17,New York Giants,Tennessee Titans,,,New York Giants,,-170,54.4,-8.5,-8.5,False,0.0,,-3.0,Moneyline,team,0.0,0.0,0.0,0.0,0.0,0.0,0.0,0.0,0.0,0.0,0.025
2026-07-17T06:47:51.608296,2026-07-17,Washington Commanders,Seattle Seahawks,,,Washington Commanders,,164,50.7,12.8,12.8,True,5.15,,3.5,Moneyline,team,0.0,0.0,0.0,0.0,0.0,0.0,0.0,0.0,0.0,0.0,0.025
2026-07-17T06:47:51.609494,2026-07-17,San Francisco 49ers,Arizona Cardinals,,,San Francisco 49ers,,-575,57.8,-27.4,-27.4,False,0.0,,-11.5,Moneyline,team,0.0,0.0,0.0,0.0,0.0,0.0,0.0,0.0,0.0,0.0,0.025
2026-07-17T06:47:51.610698,2026-07-17,Tampa Bay Buccaneers,Minnesota Vikings,,,Tampa Bay Buccaneers,,-125,53.3,-2.2,-2.2,False,0.0,,-1.5,Moneyline,team,0.0,0.0,0.0,0.0,0.0,0.0,0.0,0.0,0.0,0.0,0.025
2026-07-17T06:47:51.611691,2026-07-17,Dallas Cowboys,Baltimore Ravens,,,Dallas Cowboys,,114,52.0,5.3,5.3,True,2.48,,2.5,Moneyline,team,0.0,0.0,0.0,0.0,0.0,0.0,0.0,0.0,0.0,0.0,0.025
2026-07-17T06:47:51.613233,2026-07-17,New Orleans Saints,Las Vegas Raiders,,,New Orleans Saints,,-162,54.3,-7.6,-7.6,False,0.0,,-3.0,Moneyline,team,0.0,0.0,0.0,0.0,0.0,0.0,0.0,0.0,0.0,0.0,0.025
2026-07-17T06:47:51.614215,2026-07-17,Denver Broncos,Los Angeles Rams,,,Denver Broncos,,136,51.4,9.0,9.0,True,3.9,,3.0,Moneyline,team,0.0,0.0,0.0,0.0,0.0,0.0,0.0,0.0,0.0,0.0,0.025
2026-07-17T06:47:51.615788,2026-07-17,Chicago Bears,Philadelphia Eagles,,,Chicago Bears,,-118,53.1,-1.0,-1.0,False,0.0,,-1.5,Moneyline,team,0.0,0.0,0.0,0.0,0.0,0.0,0.0,0.0,0.0,0.0,0.025
2026-07-17T06:47:51.616848,2026-07-17,Cleveland Browns,Pittsburgh Steelers,,,Cleveland Browns,,136,51.4,9.0,9.0,True,3.9,,3.0,Moneyline,team,0.0,0.0,0.0,0.0,0.0,0.0,0.0,0.0,0.0,0.0,0.025
2026-07-17T06:47:51.618346,2026-07-17,Washington Commanders,Indianapolis Colts,,,Washington Commanders,,-112,52.9,0.1,0.1,True,0.05,,-1.5,Moneyline,team,0.0,0.0,0.0,0.0,0.0,0.0,0.0,0.0,0.0,0.0,0.025
2026-07-17T06:47:51.619453,2026-07-17,New York Giants,Arizona Cardinals,,,New York Giants,,-310,56.3,-19.3,-19.3,False,0.0,,-7.0,Moneyline,team,0.0,0.0,0.0,0.0,0.0,0.0,0.0,0.0,0.0,0.0,0.025
2026-07-17T06:47:51.620865,2026-07-17,Baltimore Ravens,Tennessee Titans,,,Baltimore Ravens,,-395,57.0,-22.8,-22.8,False,0.0,,-8.5,Moneyline,team,0.0,0.0,0.0,0.0,0.0,0.0,0.0,0.0,0.0,0.0,0.025
2026-07-17T06:47:51.623398,2026-07-17,Buffalo Bills,New England Patriots,,,Buffalo Bills,,-162,54.3,-7.6,-7.6,False,0.0,,-3.0,Moneyline,team,0.0,0.0,0.0,0.0,0.0,0.0,0.0,0.0,0.0,0.0,0.025
2026-07-17T06:47:51.625668,2026-07-17,Chicago Bears,New York Jets,,,Chicago Bears,,-410,57.1,-23.3,-23.3,False,0.0,,-8.5,Moneyline,team,0.0,0.0,0.0,0.0,0.0,0.0,0.0,0.0,0.0,0.0,0.025
2026-07-17T06:47:51.627273,2026-07-17,Cincinnati Bengals,Jacksonville Jaguars,,,Cincinnati Bengals,,-142,53.8,-4.9,-4.9,False,0.0,,-2.5,Moneyline,team,0.0,0.0,0.0,0.0,0.0,0.0,0.0,0.0,0.0,0.0,0.025
2026-07-17T06:47:51.628259,2026-07-17,Houston Texans,Dallas Cowboys,,,Houston Texans,,-135,53.6,-3.8,-3.8,False,0.0,,-2.5,Moneyline,team,0.0,0.0,0.0,0.0,0.0,0.0,0.0,0.0,0.0,0.0,0.025
2026-07-17T06:47:51.634454,2026-07-17,Tampa Bay Buccaneers,Green Bay Packers,,,Tampa Bay Buccaneers,,105,52.3,3.5,3.5,True,1.73,,1.5,Moneyline,team,0.0,0.0,0.0,0.0,0.0,0.0,0.0,0.0,0.0,0.0,0.025
2026-07-17T06:47:51.635579,2026-07-17,Philadelphia Eagles,Los Angeles Rams,,,Philadelphia Eagles,,120,51.8,6.4,6.4,True,2.92,,2.5,Moneyline,team,0.0,0.0,0.0,0.0,0.0,0.0,0.0,0.0,0.0,0.0,0.025
2026-07-17T06:47:51.636598,2026-07-17,Minnesota Vikings,Miami Dolphins,,,Minnesota Vikings,,-380,56.9,-22.3,-22.3,False,0.0,,-7.5,Moneyline,team,0.0,0.0,0.0,0.0,0.0,0.0,0.0,0.0,0.0,0.0,0.025
2026-07-17T06:47:51.639440,2026-07-17,San Francisco 49ers,Denver Broncos,,,San Francisco 49ers,,-148,54.0,-5.7,-5.7,False,0.0,,-2.5,Moneyline,team,0.0,0.0,0.0,0.0,0.0,0.0,0.0,0.0,0.0,0.0,0.025
2026-07-17T06:47:51.640640,2026-07-17,Las Vegas Raiders,Kansas City Chiefs,,,Las Vegas Raiders,,200,50.0,16.7,16.7,True,6.25,,5.5,Moneyline,team,0.0,0.0,0.0,0.0,0.0,0.0,0.0,0.0,0.0,0.0,0.025
2026-07-17T06:47:51.641662,2026-07-17,Seattle Seahawks,Los Angeles Chargers,,,Seattle Seahawks,,-162,54.3,-7.6,-7.6,False,0.0,,-3.0,Moneyline,team,0.0,0.0,0.0,0.0,0.0,0.0,0.0,0.0,0.0,0.0,0.025
2026-07-17T06:47:51.643622,2026-07-17,Carolina Panthers,Detroit Lions,,,Carolina Panthers,,136,51.4,9.0,9.0,True,3.9,,3.0,Moneyline,team,0.0,0.0,0.0,0.0,0.0,0.0,0.0,0.0,0.0,0.0,0.025
2026-07-17T06:47:51.645827,2026-07-17,New Orleans Saints,Atlanta Falcons,,,New Orleans Saints,,-135,53.6,-3.8,-3.8,False,0.0,,-2.5,Moneyline,team,0.0,0.0,0.0,0.0,0.0,0.0,0.0,0.0,0.0,0.0,0.025
2026-07-17T06:47:51.646790,2026-07-17,Dallas Cowboys,Tampa Bay Buccaneers,,,Dallas Cowboys,,-192,54.9,-10.9,-10.9,False,0.0,,-3.5,Moneyline,team,0.0,0.0,0.0,0.0,0.0,0.0,0.0,0.0,0.0,0.0,0.025
2026-07-17T06:47:51.647715,2026-07-17,Jacksonville Jaguars,Philadelphia Eagles,,,Jacksonville Jaguars,,110,52.1,4.5,4.5,True,2.16,,2.5,Moneyline,team,0.0,0.0,0.0,0.0,0.0,0.0,0.0,0.0,0.0,0.0,0.025
2026-07-17T06:47:51.648738,2026-07-17,Miami Dolphins,Cincinnati Bengals,,,Cincinnati Bengals,,-205,50.1,-17.1,-17.1,False,0.0,,5.5,Moneyline,team,0.0,0.0,0.0,0.0,0.0,0.0,0.0,0.0,0.0,0.0,0.025
2026-07-17T06:47:51.649637,2026-07-17,New York Jets,Cleveland Browns,,,New York Jets,,-135,53.6,-3.8,-3.8,False,0.0,,-2.5,Moneyline,team,0.0,0.0,0.0,0.0,0.0,0.0,0.0,0.0,0.0,0.0,0.025
2026-07-17T06:47:51.650507,2026-07-17,Tennessee Titans,Houston Texans,,,Tennessee Titans,,160,50.8,12.3,12.3,True,5.0,,3.5,Moneyline,team,0.0,0.0,0.0,0.0,0.0,0.0,0.0,0.0,0.0,0.0,0.025
2026-07-17T06:47:51.651412,2026-07-17,Pittsburgh Steelers,Indianapolis Colts,,,Pittsburgh Steelers,,-142,53.8,-4.9,-4.9,False,0.0,,-2.5,Moneyline,team,0.0,0.0,0.0,0.0,0.0,0.0,0.0,0.0,0.0,0.0,0.025
2026-07-17T06:47:51.652285,2026-07-17,New England Patriots,Las Vegas Raiders,,,New England Patriots,,-410,57.1,-23.3,-23.3,False,0.0,,-8.5,Moneyline,team,0.0,0.0,0.0,0.0,0.0,0.0,0.0,0.0,0.0,0.0,0.025
2026-07-17T06:47:51.653231,2026-07-17,New Orleans Saints,Minnesota Vikings,,,New Orleans Saints,,100,52.5,2.5,2.5,True,1.25,,1.5,Moneyline,team,0.0,0.0,0.0,0.0,0.0,0.0,0.0,0.0,0.0,0.0,0.025
2026-07-17T06:47:51.654328,2026-07-17,Washington Commanders,New York Giants,,,Washington Commanders,,-135,53.6,-3.8,-3.8,False,0.0,,-2.5,Moneyline,team,0.0,0.0,0.0,0.0,0.0,0.0,0.0,0.0,0.0,0.0,0.025
2026-07-17T06:47:51.655511,2026-07-17,Los Angeles Chargers,Denver Broncos,,,Los Angeles Chargers,,-148,54.0,-5.7,-5.7,False,0.0,,-2.5,Moneyline,team,0.0,0.0,0.0,0.0,0.0,0.0,0.0,0.0,0.0,0.0,0.025
2026-07-17T06:47:51.656511,2026-07-17,Seattle Seahawks,San Francisco 49ers,,,Seattle Seahawks,,-205,55.1,-12.1,-12.1,False,0.0,,-3.5,Moneyline,team,0.0,0.0,0.0,0.0,0.0,0.0,0.0,0.0,0.0,0.0,0.025
2026-07-17T06:48:06.425971,2026-07-17,Seattle Seahawks,New England Patriots,,,Seattle Seahawks,,-192,54.9,-10.9,-10.9,False,0.0,,-3.5,Moneyline,team,0.0,0.0,0.0,0.0,0.0,0.0,0.0,0.0,0.0,0.0,0.025
2026-07-17T06:48:06.426851,2026-07-17,Los Angeles Rams,San Francisco 49ers,,,Los Angeles Rams,,-170,54.4,-8.5,-8.5,False,0.0,,-3.0,Moneyline,team,0.0,0.0,0.0,0.0,0.0,0.0,0.0,0.0,0.0,0.0,0.025
2026-07-17T06:48:06.427687,2026-07-17,Pittsburgh Steelers,Atlanta Falcons,,,Pittsburgh Steelers,,-170,54.4,-8.5,-8.5,False,0.0,,-3.0,Moneyline,team,0.0,0.0,0.0,0.0,0.0,0.0,0.0,0.0,0.0,0.0,0.025
2026-07-17T06:48:06.428483,2026-07-17,Indianapolis Colts,Baltimore Ravens,,,Indianapolis Colts,,154,50.9,11.5,11.5,True,4.76,,3.5,Moneyline,team,0.0,0.0,0.0,0.0,0.0,0.0,0.0,0.0,0.0,0.0,0.025
2026-07-17T06:48:06.429243,2026-07-17,Houston Texans,Buffalo Bills,,,Houston Texans,,-105,52.7,1.5,1.5,True,0.75,,1.5,Moneyline,team,0.0,0.0,0.0,0.0,0.0,0.0,0.0,0.0,0.0,0.0,0.025
2026-07-17T06:48:06.430127,2026-07-17,Carolina Panthers,Chicago Bears,,,Carolina Panthers,,114,52.0,5.3,5.3,True,2.48,,2.5,Moneyline,team,0.0,0.0,0.0,0.0,0.0,0.0,0.0,0.0,0.0,0.0,0.025
2026-07-17T06:48:06.430924,2026-07-17,Cincinnati Bengals,Tampa Bay Buccaneers,,,Cincinnati Bengals,,-198,55.0,-11.5,-11.5,False,0.0,,-3.5,Moneyline,team,0.0,0.0,0.0,0.0,0.0,0.0,0.0,0.0,0.0,0.0,0.025
2026-07-17T06:48:06.431698,2026-07-17,Jacksonville Jaguars,Cleveland Browns,,,Jacksonville Jaguars,,-355,56.7,-21.3,-21.3,False,0.0,,-7.5,Moneyline,team,0.0,0.0,0.0,0.0,0.0,0.0,0.0,0.0,0.0,0.0,0.025
2026-07-17T06:48:06.432483,2026-07-17,Detroit Lions,New Orleans Saints,,,Detroit Lions,,-325,56.5,-20.0,-20.0,False,0.0,,-7.0,Moneyline,team,0.0,0.0,0.0,0.0,0.0,0.0,0.0,0.0,0.0,0.0,0.025
2026-07-17T06:48:06.433261,2026-07-17,Tennessee Titans,New York Jets,,,Tennessee Titans,,-162,54.3,-7.6,-7.6,False,0.0,,-3.0,Moneyline,team,0.0,0.0,0.0,0.0,0.0,0.0,0.0,0.0,0.0,0.0,0.025
2026-07-17T06:48:06.434006,2026-07-17,Los Angeles Chargers,Arizona Cardinals,,,Los Angeles Chargers,,-600,57.9,-27.9,-27.9,False,0.0,,-11.5,Moneyline,team,0.0,0.0,0.0,0.0,0.0,0.0,0.0,0.0,0.0,0.0,0.025
2026-07-17T06:48:06.434781,2026-07-17,Minnesota Vikings,Green Bay Packers,,,Minnesota Vikings,,-108,52.8,0.9,0.9,True,0.45,,1.5,Moneyline,team,0.0,0.0,0.0,0.0,0.0,0.0,0.0,0.0,0.0,0.0,0.025
2026-07-17T06:48:06.435536,2026-07-17,Las Vegas Raiders,Miami Dolphins,,,Las Vegas Raiders,,-170,54.4,-8.5,-8.5,False,0.0,,-3.0,Moneyline,team,0.0,0.0,0.0,0.0,0.0,0.0,0.0,0.0,0.0,0.0,0.025
2026-07-17T06:48:06.436310,2026-07-17,Philadelphia Eagles,Washington Commanders,,,Philadelphia Eagles,,-238,55.6,-14.9,-14.9,False,0.0,,-5.5,Moneyline,team,0.0,0.0,0.0,0.0,0.0,0.0,0.0,0.0,0.0,0.0,0.025
2026-07-17T06:48:06.437121,2026-07-17,New York Giants,Dallas Cowboys,,,New York Giants,,114,52.0,5.3,5.3,True,2.48,,2.5,Moneyline,team,0.0,0.0,0.0,0.0,0.0,0.0,0.0,0.0,0.0,0.0,0.025
2026-07-17T06:48:06.437936,2026-07-17,Kansas City Chiefs,Denver Broncos,,,Kansas City Chiefs,,-148,54.0,-5.7,-5.7,False,0.0,,-2.5,Moneyline,team,0.0,0.0,0.0,0.0,0.0,0.0,0.0,0.0,0.0,0.0,0.025
2026-07-17T06:48:06.438666,2026-07-17,Buffalo Bills,Detroit Lions,,,Buffalo Bills,,-155,54.1,-6.7,-6.7,False,0.0,,-3.0,Moneyline,team,0.0,0.0,0.0,0.0,0.0,0.0,0.0,0.0,0.0,0.0,0.025
2026-07-17T06:48:06.439399,2026-07-17,Atlanta Falcons,Carolina Panthers,,,Atlanta Falcons,,-120,53.2,-1.4,-1.4,False,0.0,,-1.5,Moneyline,team,0.0,0.0,0.0,0.0,0.0,0.0,0.0,0.0,0.0,0.0,0.025
2026-07-17T06:48:06.440129,2026-07-17,Baltimore Ravens,New Orleans Saints,,,Baltimore Ravens,,-375,56.8,-22.1,-22.1,False,0.0,,-7.5,Moneyline,team,0.0,0.0,0.0,0.0,0.0,0.0,0.0,0.0,0.0,0.0,0.025
2026-07-17T06:48:06.440873,2026-07-17,Chicago Bears,Minnesota Vikings,,,Chicago Bears,,-180,54.6,-9.6,-9.6,False,0.0,,-3.5,Moneyline,team,0.0,0.0,0.0,0.0,0.0,0.0,0.0,0.0,0.0,0.0,0.025
2026-07-17T06:48:06.441631,2026-07-17,Houston Texans,Cincinnati Bengals,,,Houston Texans,,-135,53.6,-3.8,-3.8,False,0.0,,-2.5,Moneyline,team,0.0,0.0,0.0,0.0,0.0,0.0,0.0,0.0,0.0,0.0,0.025
2026-07-17T06:48:06.442444,2026-07-17,Tampa Bay Buccaneers,Cleveland Browns,,,Tampa Bay Buccaneers,,-285,56.1,-17.9,-17.9,False,0.0,,-6.5,Moneyline,team,0.0,0.0,0.0,0.0,0.0,0.0,0.0,0.0,0.0,0.0,0.025
2026-07-17T06:48:06.443275,2026-07-17,New York Jets,Green Bay Packers,,,Green Bay Packers,,-215,50.2,-18.0,-18.0,False,0.0,,6.0,Moneyline,team,0.0,0.0,0.0,0.0,0.0,0.0,0.0,0.0,0.0,0.0,0.025
2026-07-17T06:48:06.444003,2026-07-17,New England Patriots,Pittsburgh Steelers,,,New England Patriots,,-225,55.4,-13.8,-13.8,False,0.0,,-4.5,Moneyline,team,0.0,0.0,0.0,0.0,0.0,0.0,0.0,0.0,0.0,0.0,0.025
2026-07-17T06:48:06.444726,2026-07-17,Tennessee Titans,Philadelphia Eagles,,,Tennessee Titans,,180,50.4,14.6,14.6,True,5.69,,4.5,Moneyline,team,0.0,0.0,0.0,0.0,0.0,0.0,0.0,0.0,0.0,0.0,0.025
2026-07-17T06:48:06.445509,2026-07-17,Denver Broncos,Jacksonville Jaguars,,,Denver Broncos,,-148,54.0,-5.7,-5.7,False,0.0,,-3.0,Moneyline,team,0.0,0.0,0.0,0.0,0.0,0.0,0.0,0.0,0.0,0.0,0.025
2026-07-17T06:48:06.446224,2026-07-17,Los Angeles Chargers,Las Vegas Raiders,,,Los Angeles Chargers,,-425,57.1,-23.8,-23.8,False,0.0,,-8.5,Moneyline,team,0.0,0.0,0.0,0.0,0.0,0.0,0.0,0.0,0.0,0.0,0.025
2026-07-17T06:48:06.446946,2026-07-17,Arizona Cardinals,Seattle Seahawks,,,Seattle Seahawks,,-370,51.8,-26.9,-26.9,False,0.0,,10.0,Moneyline,team,0.0,0.0,0.0,0.0,0.0,0.0,0.0,0.0,0.0,0.0,0.025
2026-07-17T06:48:06.447710,2026-07-17,Dallas Cowboys,Washington Commanders,,,Dallas Cowboys,,-205,55.1,-12.1,-12.1,False,0.0,,-4.5,Moneyline,team,0.0,0.0,0.0,0.0,0.0,0.0,0.0,0.0,0.0,0.0,0.025
2026-07-17T06:48:06.448487,2026-07-17,San Francisco 49ers,Miami Dolphins,,,San Francisco 49ers,,-535,57.6,-26.6,-26.6,False,0.0,,-10.5,Moneyline,team,0.0,0.0,0.0,0.0,0.0,0.0,0.0,0.0,0.0,0.0,0.025
2026-07-17T06:48:06.449314,2026-07-17,Kansas City Chiefs,Indianapolis Colts,,,Kansas City Chiefs,,-265,55.9,-16.7,-16.7,False,0.0,,-6.0,Moneyline,team,0.0,0.0,0.0,0.0,0.0,0.0,0.0,0.0,0.0,0.0,0.025
2026-07-17T06:48:06.450123,2026-07-17,Los Angeles Rams,New York Giants,,,Los Angeles Rams,,-410,57.1,-23.3,-23.3,False,0.0,,-9.5,Moneyline,team,0.0,0.0,0.0,0.0,0.0,0.0,0.0,0.0,0.0,0.0,0.025
2026-07-17T06:48:06.450896,2026-07-17,Green Bay Packers,Atlanta Falcons,,,Green Bay Packers,,-345,56.6,-20.9,-20.9,False,0.0,,-7.5,Moneyline,team,0.0,0.0,0.0,0.0,0.0,0.0,0.0,0.0,0.0,0.0,0.025
2026-07-17T06:48:06.451667,2026-07-17,Buffalo Bills,Los Angeles Chargers,,,Buffalo Bills,,-135,53.6,-3.8,-3.8,False,0.0,,-2.5,Moneyline,team,0.0,0.0,0.0,0.0,0.0,0.0,0.0,0.0,0.0,0.0,0.025
2026-07-17T06:48:06.452472,2026-07-17,Cleveland Browns,Carolina Panthers,,,Cleveland Browns,,114,52.0,5.3,5.3,True,2.48,,2.5,Moneyline,team,0.0,0.0,0.0,0.0,0.0,0.0,0.0,0.0,0.0,0.0,0.025
2026-07-17T06:48:06.453279,2026-07-17,Pittsburgh Steelers,Cincinnati Bengals,,,Pittsburgh Steelers,,-105,52.7,1.5,1.5,True,0.75,,1.5,Moneyline,team,0.0,0.0,0.0,0.0,0.0,0.0,0.0,0.0,0.0,0.0,0.025
2026-07-17T06:48:06.454065,2026-07-17,Detroit Lions,New York Jets,,,Detroit Lions,,-440,57.2,-24.3,-24.3,False,0.0,,-9.5,Moneyline,team,0.0,0.0,0.0,0.0,0.0,0.0,0.0,0.0,0.0,0.0,0.025
2026-07-17T06:48:06.454828,2026-07-17,Indianapolis Colts,Houston Texans,,,Indianapolis Colts,,110,52.1,4.5,4.5,True,2.16,,2.5,Moneyline,team,0.0,0.0,0.0,0.0,0.0,0.0,0.0,0.0,0.0,0.0,0.025
2026-07-17T06:48:06.455717,2026-07-17,Jacksonville Jaguars,New England Patriots,,,Jacksonville Jaguars,,-118,53.1,-1.0,-1.0,False,0.0,,-1.5,Moneyline,team,0.0,0.0,0.0,0.0,0.0,0.0,0.0,0.0,0.0,0.0,0.025
2026-07-17T06:48:06.456452,2026-07-17,Miami Dolphins,Kansas City Chiefs,,,Kansas City Chiefs,,-269,50.9,-22.0,-22.0,False,0.0,,7.0,Moneyline,team,0.0,0.0,0.0,0.0,0.0,0.0,0.0,0.0,0.0,0.0,0.025
2026-07-17T06:48:06.457169,2026-07-17,New York Giants,Tennessee Titans,,,New York Giants,,-170,54.4,-8.5,-8.5,False,0.0,,-3.0,Moneyline,team,0.0,0.0,0.0,0.0,0.0,0.0,0.0,0.0,0.0,0.0,0.025
2026-07-17T06:48:06.457910,2026-07-17,Washington Commanders,Seattle Seahawks,,,Washington Commanders,,164,50.7,12.8,12.8,True,5.15,,3.5,Moneyline,team,0.0,0.0,0.0,0.0,0.0,0.0,0.0,0.0,0.0,0.0,0.025
2026-07-17T06:48:06.458631,2026-07-17,San Francisco 49ers,Arizona Cardinals,,,San Francisco 49ers,,-575,57.8,-27.4,-27.4,False,0.0,,-11.5,Moneyline,team,0.0,0.0,0.0,0.0,0.0,0.0,0.0,0.0,0.0,0.0,0.025
2026-07-17T06:48:06.459350,2026-07-17,Tampa Bay Buccaneers,Minnesota Vikings,,,Tampa Bay Buccaneers,,-125,53.3,-2.2,-2.2,False,0.0,,-1.5,Moneyline,team,0.0,0.0,0.0,0.0,0.0,0.0,0.0,0.0,0.0,0.0,0.025
2026-07-17T06:48:06.460119,2026-07-17,Dallas Cowboys,Baltimore Ravens,,,Dallas Cowboys,,114,52.0,5.3,5.3,True,2.48,,2.5,Moneyline,team,0.0,0.0,0.0,0.0,0.0,0.0,0.0,0.0,0.0,0.0,0.025
2026-07-17T06:48:06.460842,2026-07-17,New Orleans Saints,Las Vegas Raiders,,,New Orleans Saints,,-162,54.3,-7.6,-7.6,False,0.0,,-3.0,Moneyline,team,0.0,0.0,0.0,0.0,0.0,0.0,0.0,0.0,0.0,0.0,0.025
2026-07-17T06:48:06.461554,2026-07-17,Denver Broncos,Los Angeles Rams,,,Denver Broncos,,136,51.4,9.0,9.0,True,3.9,,3.0,Moneyline,team,0.0,0.0,0.0,0.0,0.0,0.0,0.0,0.0,0.0,0.0,0.025
2026-07-17T06:48:06.462282,2026-07-17,Chicago Bears,Philadelphia Eagles,,,Chicago Bears,,-118,53.1,-1.0,-1.0,False,0.0,,-1.5,Moneyline,team,0.0,0.0,0.0,0.0,0.0,0.0,0.0,0.0,0.0,0.0,0.025
2026-07-17T06:48:06.463008,2026-07-17,Cleveland Browns,Pittsburgh Steelers,,,Cleveland Browns,,136,51.4,9.0,9.0,True,3.9,,3.0,Moneyline,team,0.0,0.0,0.0,0.0,0.0,0.0,0.0,0.0,0.0,0.0,0.025
2026-07-17T06:48:06.463731,2026-07-17,Washington Commanders,Indianapolis Colts,,,Washington Commanders,,-112,52.9,0.1,0.1,True,0.05,,-1.5,Moneyline,team,0.0,0.0,0.0,0.0,0.0,0.0,0.0,0.0,0.0,0.0,0.025
2026-07-17T06:48:06.464451,2026-07-17,New York Giants,Arizona Cardinals,,,New York Giants,,-310,56.3,-19.3,-19.3,False,0.0,,-7.0,Moneyline,team,0.0,0.0,0.0,0.0,0.0,0.0,0.0,0.0,0.0,0.0,0.025
2026-07-17T06:48:06.465171,2026-07-17,Baltimore Ravens,Tennessee Titans,,,Baltimore Ravens,,-395,57.0,-22.8,-22.8,False,0.0,,-8.5,Moneyline,team,0.0,0.0,0.0,0.0,0.0,0.0,0.0,0.0,0.0,0.0,0.025
2026-07-17T06:48:06.465920,2026-07-17,Buffalo Bills,New England Patriots,,,Buffalo Bills,,-162,54.3,-7.6,-7.6,False,0.0,,-3.0,Moneyline,team,0.0,0.0,0.0,0.0,0.0,0.0,0.0,0.0,0.0,0.0,0.025
2026-07-17T06:48:06.466679,2026-07-17,Chicago Bears,New York Jets,,,Chicago Bears,,-410,57.1,-23.3,-23.3,False,0.0,,-8.5,Moneyline,team,0.0,0.0,0.0,0.0,0.0,0.0,0.0,0.0,0.0,0.0,0.025
2026-07-17T06:48:06.467431,2026-07-17,Cincinnati Bengals,Jacksonville Jaguars,,,Cincinnati Bengals,,-142,53.8,-4.9,-4.9,False,0.0,,-2.5,Moneyline,team,0.0,0.0,0.0,0.0,0.0,0.0,0.0,0.0,0.0,0.0,0.025
2026-07-17T06:48:06.468173,2026-07-17,Houston Texans,Dallas Cowboys,,,Houston Texans,,-135,53.6,-3.8,-3.8,False,0.0,,-2.5,Moneyline,team,0.0,0.0,0.0,0.0,0.0,0.0,0.0,0.0,0.0,0.0,0.025
2026-07-17T06:48:06.469006,2026-07-17,Tampa Bay Buccaneers,Green Bay Packers,,,Tampa Bay Buccaneers,,105,52.3,3.5,3.5,True,1.73,,1.5,Moneyline,team,0.0,0.0,0.0,0.0,0.0,0.0,0.0,0.0,0.0,0.0,0.025
2026-07-17T06:48:06.469792,2026-07-17,Philadelphia Eagles,Los Angeles Rams,,,Philadelphia Eagles,,120,51.8,6.4,6.4,True,2.92,,2.5,Moneyline,team,0.0,0.0,0.0,0.0,0.0,0.0,0.0,0.0,0.0,0.0,0.025
2026-07-17T06:48:06.470536,2026-07-17,Minnesota Vikings,Miami Dolphins,,,Minnesota Vikings,,-380,56.9,-22.3,-22.3,False,0.0,,-7.5,Moneyline,team,0.0,0.0,0.0,0.0,0.0,0.0,0.0,0.0,0.0,0.0,0.025
2026-07-17T06:48:06.471281,2026-07-17,San Francisco 49ers,Denver Broncos,,,San Francisco 49ers,,-148,54.0,-5.7,-5.7,False,0.0,,-2.5,Moneyline,team,0.0,0.0,0.0,0.0,0.0,0.0,0.0,0.0,0.0,0.0,0.025
2026-07-17T06:48:06.472040,2026-07-17,Las Vegas Raiders,Kansas City Chiefs,,,Las Vegas Raiders,,200,50.0,16.7,16.7,True,6.25,,5.5,Moneyline,team,0.0,0.0,0.0,0.0,0.0,0.0,0.0,0.0,0.0,0.0,0.025
2026-07-17T06:48:06.472781,2026-07-17,Seattle Seahawks,Los Angeles Chargers,,,Seattle Seahawks,,-162,54.3,-7.6,-7.6,False,0.0,,-3.0,Moneyline,team,0.0,0.0,0.0,0.0,0.0,0.0,0.0,0.0,0.0,0.0,0.025
2026-07-17T06:48:06.473532,2026-07-17,Carolina Panthers,Detroit Lions,,,Carolina Panthers,,136,51.4,9.0,9.0,True,3.9,,3.0,Moneyline,team,0.0,0.0,0.0,0.0,0.0,0.0,0.0,0.0,0.0,0.0,0.025
2026-07-17T06:48:06.474259,2026-07-17,New Orleans Saints,Atlanta Falcons,,,New Orleans Saints,,-135,53.6,-3.8,-3.8,False,0.0,,-2.5,Moneyline,team,0.0,0.0,0.0,0.0,0.0,0.0,0.0,0.0,0.0,0.0,0.025
2026-07-17T06:48:06.474970,2026-07-17,Dallas Cowboys,Tampa Bay Buccaneers,,,Dallas Cowboys,,-192,54.9,-10.9,-10.9,False,0.0,,-3.5,Moneyline,team,0.0,0.0,0.0,0.0,0.0,0.0,0.0,0.0,0.0,0.0,0.025
2026-07-17T06:48:06.475692,2026-07-17,Jacksonville Jaguars,Philadelphia Eagles,,,Jacksonville Jaguars,,110,52.1,4.5,4.5,True,2.16,,2.5,Moneyline,team,0.0,0.0,0.0,0.0,0.0,0.0,0.0,0.0,0.0,0.0,0.025
2026-07-17T06:48:06.476409,2026-07-17,Miami Dolphins,Cincinnati Bengals,,,Cincinnati Bengals,,-205,50.1,-17.1,-17.1,False,0.0,,5.5,Moneyline,team,0.0,0.0,0.0,0.0,0.0,0.0,0.0,0.0,0.0,0.0,0.025
2026-07-17T06:48:06.477132,2026-07-17,New York Jets,Cleveland Browns,,,New York Jets,,-135,53.6,-3.8,-3.8,False,0.0,,-2.5,Moneyline,team,0.0,0.0,0.0,0.0,0.0,0.0,0.0,0.0,0.0,0.0,0.025
2026-07-17T06:48:06.477867,2026-07-17,Tennessee Titans,Houston Texans,,,Tennessee Titans,,160,50.8,12.3,12.3,True,5.0,,3.5,Moneyline,team,0.0,0.0,0.0,0.0,0.0,0.0,0.0,0.0,0.0,0.0,0.025
2026-07-17T06:48:06.478602,2026-07-17,Pittsburgh Steelers,Indianapolis Colts,,,Pittsburgh Steelers,,-142,53.8,-4.9,-4.9,False,0.0,,-2.5,Moneyline,team,0.0,0.0,0.0,0.0,0.0,0.0,0.0,0.0,0.0,0.0,0.025
2026-07-17T06:48:06.479335,2026-07-17,New England Patriots,Las Vegas Raiders,,,New England Patriots,,-410,57.1,-23.3,-23.3,False,0.0,,-8.5,Moneyline,team,0.0,0.0,0.0,0.0,0.0,0.0,0.0,0.0,0.0,0.0,0.025
2026-07-17T06:48:06.480049,2026-07-17,New Orleans Saints,Minnesota Vikings,,,New Orleans Saints,,100,52.5,2.5,2.5,True,1.25,,1.5,Moneyline,team,0.0,0.0,0.0,0.0,0.0,0.0,0.0,0.0,0.0,0.0,0.025
2026-07-17T06:48:06.480761,2026-07-17,Washington Commanders,New York Giants,,,Washington Commanders,,-135,53.6,-3.8,-3.8,False,0.0,,-2.5,Moneyline,team,0.0,0.0,0.0,0.0,0.0,0.0,0.0,0.0,0.0,0.0,0.025
2026-07-17T06:48:06.481482,2026-07-17,Los Angeles Chargers,Denver Broncos,,,Los Angeles Chargers,,-148,54.0,-5.7,-5.7,False,0.0,,-2.5,Moneyline,team,0.0,0.0,0.0,0.0,0.0,0.0,0.0,0.0,0.0,0.0,0.025
2026-07-17T06:48:06.482217,2026-07-17,Seattle Seahawks,San Francisco 49ers,,,Seattle Seahawks,,-205,55.1,-12.1,-12.1,False,0.0,,-3.5,Moneyline,team,0.0,0.0,0.0,0.0,0.0,0.0,0.0,0.0,0.0,0.0,0.025
2026-07-17T06:52:52.189093,2026-07-17,Seattle Seahawks,New England Patriots,,,Seattle Seahawks,,-192,54.9,-10.9,-10.9,False,0.0,,-3.5,Moneyline,team,0.0,0.0,0.0,0.0,0.0,0.0,0.0,0.0,0.0,0.0,0.025
2026-07-17T06:52:52.191102,2026-07-17,Los Angeles Rams,San Francisco 49ers,,,Los Angeles Rams,,-170,54.4,-8.5,-8.5,False,0.0,,-3.0,Moneyline,team,0.0,0.0,0.0,0.0,0.0,0.0,0.0,0.0,0.0,0.0,0.025
2026-07-17T06:52:52.192779,2026-07-17,Pittsburgh Steelers,Atlanta Falcons,,,Pittsburgh Steelers,,-170,54.4,-8.5,-8.5,False,0.0,,-3.0,Moneyline,team,0.0,0.0,0.0,0.0,0.0,0.0,0.0,0.0,0.0,0.0,0.025
2026-07-17T06:52:52.194216,2026-07-17,Indianapolis Colts,Baltimore Ravens,,,Indianapolis Colts,,154,50.9,11.5,11.5,True,4.76,,3.5,Moneyline,team,0.0,0.0,0.0,0.0,0.0,0.0,0.0,0.0,0.0,0.0,0.025
2026-07-17T06:52:52.195687,2026-07-17,Houston Texans,Buffalo Bills,,,Houston Texans,,-105,52.7,1.5,1.5,True,0.75,,1.5,Moneyline,team,0.0,0.0,0.0,0.0,0.0,0.0,0.0,0.0,0.0,0.0,0.025
2026-07-17T06:52:52.197040,2026-07-17,Carolina Panthers,Chicago Bears,,,Carolina Panthers,,114,52.0,5.3,5.3,True,2.48,,2.5,Moneyline,team,0.0,0.0,0.0,0.0,0.0,0.0,0.0,0.0,0.0,0.0,0.025
2026-07-17T06:52:52.198496,2026-07-17,Cincinnati Bengals,Tampa Bay Buccaneers,,,Cincinnati Bengals,,-198,55.0,-11.5,-11.5,False,0.0,,-3.5,Moneyline,team,0.0,0.0,0.0,0.0,0.0,0.0,0.0,0.0,0.0,0.0,0.025
2026-07-17T06:52:52.199944,2026-07-17,Jacksonville Jaguars,Cleveland Browns,,,Jacksonville Jaguars,,-355,56.7,-21.3,-21.3,False,0.0,,-7.5,Moneyline,team,0.0,0.0,0.0,0.0,0.0,0.0,0.0,0.0,0.0,0.0,0.025
2026-07-17T06:52:52.201361,2026-07-17,Detroit Lions,New Orleans Saints,,,Detroit Lions,,-325,56.5,-20.0,-20.0,False,0.0,,-7.0,Moneyline,team,0.0,0.0,0.0,0.0,0.0,0.0,0.0,0.0,0.0,0.0,0.025
2026-07-17T06:52:52.202839,2026-07-17,Tennessee Titans,New York Jets,,,Tennessee Titans,,-162,54.3,-7.6,-7.6,False,0.0,,-3.0,Moneyline,team,0.0,0.0,0.0,0.0,0.0,0.0,0.0,0.0,0.0,0.0,0.025
2026-07-17T06:52:52.204109,2026-07-17,Los Angeles Chargers,Arizona Cardinals,,,Los Angeles Chargers,,-600,57.9,-27.9,-27.9,False,0.0,,-11.5,Moneyline,team,0.0,0.0,0.0,0.0,0.0,0.0,0.0,0.0,0.0,0.0,0.025
2026-07-17T06:52:52.205654,2026-07-17,Minnesota Vikings,Green Bay Packers,,,Minnesota Vikings,,-108,52.8,0.9,0.9,True,0.45,,1.5,Moneyline,team,0.0,0.0,0.0,0.0,0.0,0.0,0.0,0.0,0.0,0.0,0.025
2026-07-17T06:52:52.207006,2026-07-17,Las Vegas Raiders,Miami Dolphins,,,Las Vegas Raiders,,-170,54.4,-8.5,-8.5,False,0.0,,-3.0,Moneyline,team,0.0,0.0,0.0,0.0,0.0,0.0,0.0,0.0,0.0,0.0,0.025
2026-07-17T06:52:52.208453,2026-07-17,Philadelphia Eagles,Washington Commanders,,,Philadelphia Eagles,,-238,55.6,-14.9,-14.9,False,0.0,,-5.5,Moneyline,team,0.0,0.0,0.0,0.0,0.0,0.0,0.0,0.0,0.0,0.0,0.025
2026-07-17T06:52:52.209806,2026-07-17,New York Giants,Dallas Cowboys,,,New York Giants,,114,52.0,5.3,5.3,True,2.48,,2.5,Moneyline,team,0.0,0.0,0.0,0.0,0.0,0.0,0.0,0.0,0.0,0.0,0.025
2026-07-17T06:52:52.211281,2026-07-17,Kansas City Chiefs,Denver Broncos,,,Kansas City Chiefs,,-148,54.0,-5.7,-5.7,False,0.0,,-2.5,Moneyline,team,0.0,0.0,0.0,0.0,0.0,0.0,0.0,0.0,0.0,0.0,0.025
2026-07-17T06:52:52.212225,2026-07-17,Buffalo Bills,Detroit Lions,,,Buffalo Bills,,-155,54.1,-6.7,-6.7,False,0.0,,-3.0,Moneyline,team,0.0,0.0,0.0,0.0,0.0,0.0,0.0,0.0,0.0,0.0,0.025
2026-07-17T06:52:52.213156,2026-07-17,Atlanta Falcons,Carolina Panthers,,,Atlanta Falcons,,-120,53.2,-1.4,-1.4,False,0.0,,-1.5,Moneyline,team,0.0,0.0,0.0,0.0,0.0,0.0,0.0,0.0,0.0,0.0,0.025
2026-07-17T06:52:52.214106,2026-07-17,Baltimore Ravens,New Orleans Saints,,,Baltimore Ravens,,-375,56.8,-22.1,-22.1,False,0.0,,-7.5,Moneyline,team,0.0,0.0,0.0,0.0,0.0,0.0,0.0,0.0,0.0,0.0,0.025
2026-07-17T06:52:52.215019,2026-07-17,Chicago Bears,Minnesota Vikings,,,Chicago Bears,,-180,54.6,-9.6,-9.6,False,0.0,,-3.5,Moneyline,team,0.0,0.0,0.0,0.0,0.0,0.0,0.0,0.0,0.0,0.0,0.025
2026-07-17T06:52:52.215889,2026-07-17,Houston Texans,Cincinnati Bengals,,,Houston Texans,,-135,53.6,-3.8,-3.8,False,0.0,,-2.5,Moneyline,team,0.0,0.0,0.0,0.0,0.0,0.0,0.0,0.0,0.0,0.0,0.025
2026-07-17T06:52:52.216808,2026-07-17,Tampa Bay Buccaneers,Cleveland Browns,,,Tampa Bay Buccaneers,,-285,56.1,-17.9,-17.9,False,0.0,,-6.5,Moneyline,team,0.0,0.0,0.0,0.0,0.0,0.0,0.0,0.0,0.0,0.0,0.025
2026-07-17T06:52:52.217553,2026-07-17,New York Jets,Green Bay Packers,,,Green Bay Packers,,-215,50.2,-18.0,-18.0,False,0.0,,6.0,Moneyline,team,0.0,0.0,0.0,0.0,0.0,0.0,0.0,0.0,0.0,0.0,0.025
2026-07-17T06:52:52.218450,2026-07-17,New England Patriots,Pittsburgh Steelers,,,New England Patriots,,-225,55.4,-13.8,-13.8,False,0.0,,-4.5,Moneyline,team,0.0,0.0,0.0,0.0,0.0,0.0,0.0,0.0,0.0,0.0,0.025
2026-07-17T06:52:52.219211,2026-07-17,Tennessee Titans,Philadelphia Eagles,,,Tennessee Titans,,180,50.4,14.6,14.6,True,5.69,,4.5,Moneyline,team,0.0,0.0,0.0,0.0,0.0,0.0,0.0,0.0,0.0,0.0,0.025
2026-07-17T06:52:52.220134,2026-07-17,Denver Broncos,Jacksonville Jaguars,,,Denver Broncos,,-148,54.0,-5.7,-5.7,False,0.0,,-3.0,Moneyline,team,0.0,0.0,0.0,0.0,0.0,0.0,0.0,0.0,0.0,0.0,0.025
2026-07-17T06:52:52.220942,2026-07-17,Los Angeles Chargers,Las Vegas Raiders,,,Los Angeles Chargers,,-425,57.1,-23.8,-23.8,False,0.0,,-8.5,Moneyline,team,0.0,0.0,0.0,0.0,0.0,0.0,0.0,0.0,0.0,0.0,0.025
2026-07-17T06:52:52.221912,2026-07-17,Arizona Cardinals,Seattle Seahawks,,,Seattle Seahawks,,-370,51.8,-26.9,-26.9,False,0.0,,10.0,Moneyline,team,0.0,0.0,0.0,0.0,0.0,0.0,0.0,0.0,0.0,0.0,0.025
2026-07-17T06:52:52.222950,2026-07-17,Dallas Cowboys,Washington Commanders,,,Dallas Cowboys,,-205,55.1,-12.1,-12.1,False,0.0,,-4.5,Moneyline,team,0.0,0.0,0.0,0.0,0.0,0.0,0.0,0.0,0.0,0.0,0.025
2026-07-17T06:52:52.224001,2026-07-17,San Francisco 49ers,Miami Dolphins,,,San Francisco 49ers,,-535,57.6,-26.6,-26.6,False,0.0,,-10.5,Moneyline,team,0.0,0.0,0.0,0.0,0.0,0.0,0.0,0.0,0.0,0.0,0.025
2026-07-17T06:52:52.225018,2026-07-17,Kansas City Chiefs,Indianapolis Colts,,,Kansas City Chiefs,,-265,55.9,-16.7,-16.7,False,0.0,,-6.0,Moneyline,team,0.0,0.0,0.0,0.0,0.0,0.0,0.0,0.0,0.0,0.0,0.025
2026-07-17T06:52:52.225776,2026-07-17,Los Angeles Rams,New York Giants,,,Los Angeles Rams,,-410,57.1,-23.3,-23.3,False,0.0,,-9.5,Moneyline,team,0.0,0.0,0.0,0.0,0.0,0.0,0.0,0.0,0.0,0.0,0.025
2026-07-17T06:52:52.226698,2026-07-17,Green Bay Packers,Atlanta Falcons,,,Green Bay Packers,,-345,56.6,-20.9,-20.9,False,0.0,,-7.5,Moneyline,team,0.0,0.0,0.0,0.0,0.0,0.0,0.0,0.0,0.0,0.0,0.025
2026-07-17T06:52:52.227459,2026-07-17,Buffalo Bills,Los Angeles Chargers,,,Buffalo Bills,,-135,53.6,-3.8,-3.8,False,0.0,,-2.5,Moneyline,team,0.0,0.0,0.0,0.0,0.0,0.0,0.0,0.0,0.0,0.0,0.025
2026-07-17T06:52:52.228334,2026-07-17,Cleveland Browns,Carolina Panthers,,,Cleveland Browns,,114,52.0,5.3,5.3,True,2.48,,2.5,Moneyline,team,0.0,0.0,0.0,0.0,0.0,0.0,0.0,0.0,0.0,0.0,0.025
2026-07-17T06:52:52.229087,2026-07-17,Pittsburgh Steelers,Cincinnati Bengals,,,Pittsburgh Steelers,,-105,52.7,1.5,1.5,True,0.75,,1.5,Moneyline,team,0.0,0.0,0.0,0.0,0.0,0.0,0.0,0.0,0.0,0.0,0.025
2026-07-17T06:52:52.229807,2026-07-17,Detroit Lions,New York Jets,,,Detroit Lions,,-440,57.2,-24.3,-24.3,False,0.0,,-9.5,Moneyline,team,0.0,0.0,0.0,0.0,0.0,0.0,0.0,0.0,0.0,0.0,0.025
2026-07-17T06:52:52.230530,2026-07-17,Indianapolis Colts,Houston Texans,,,Indianapolis Colts,,110,52.1,4.5,4.5,True,2.16,,2.5,Moneyline,team,0.0,0.0,0.0,0.0,0.0,0.0,0.0,0.0,0.0,0.0,0.025
2026-07-17T06:52:52.231276,2026-07-17,Jacksonville Jaguars,New England Patriots,,,Jacksonville Jaguars,,-118,53.1,-1.0,-1.0,False,0.0,,-1.5,Moneyline,team,0.0,0.0,0.0,0.0,0.0,0.0,0.0,0.0,0.0,0.0,0.025
2026-07-17T06:52:52.232203,2026-07-17,Miami Dolphins,Kansas City Chiefs,,,Kansas City Chiefs,,-269,50.9,-22.0,-22.0,False,0.0,,7.0,Moneyline,team,0.0,0.0,0.0,0.0,0.0,0.0,0.0,0.0,0.0,0.0,0.025
2026-07-17T06:52:52.232981,2026-07-17,New York Giants,Tennessee Titans,,,New York Giants,,-170,54.4,-8.5,-8.5,False,0.0,,-3.0,Moneyline,team,0.0,0.0,0.0,0.0,0.0,0.0,0.0,0.0,0.0,0.0,0.025
2026-07-17T06:52:52.233858,2026-07-17,Washington Commanders,Seattle Seahawks,,,Washington Commanders,,164,50.7,12.8,12.8,True,5.15,,3.5,Moneyline,team,0.0,0.0,0.0,0.0,0.0,0.0,0.0,0.0,0.0,0.0,0.025
2026-07-17T06:52:52.234643,2026-07-17,San Francisco 49ers,Arizona Cardinals,,,San Francisco 49ers,,-575,57.8,-27.4,-27.4,False,0.0,,-11.5,Moneyline,team,0.0,0.0,0.0,0.0,0.0,0.0,0.0,0.0,0.0,0.0,0.025
2026-07-17T06:52:52.235429,2026-07-17,Tampa Bay Buccaneers,Minnesota Vikings,,,Tampa Bay Buccaneers,,-125,53.3,-2.2,-2.2,False,0.0,,-1.5,Moneyline,team,0.0,0.0,0.0,0.0,0.0,0.0,0.0,0.0,0.0,0.0,0.025
2026-07-17T06:52:52.236219,2026-07-17,Dallas Cowboys,Baltimore Ravens,,,Dallas Cowboys,,114,52.0,5.3,5.3,True,2.48,,2.5,Moneyline,team,0.0,0.0,0.0,0.0,0.0,0.0,0.0,0.0,0.0,0.0,0.025
2026-07-17T06:52:52.237145,2026-07-17,New Orleans Saints,Las Vegas Raiders,,,New Orleans Saints,,-162,54.3,-7.6,-7.6,False,0.0,,-3.0,Moneyline,team,0.0,0.0,0.0,0.0,0.0,0.0,0.0,0.0,0.0,0.0,0.025
2026-07-17T06:52:52.237931,2026-07-17,Denver Broncos,Los Angeles Rams,,,Denver Broncos,,136,51.4,9.0,9.0,True,3.9,,3.0,Moneyline,team,0.0,0.0,0.0,0.0,0.0,0.0,0.0,0.0,0.0,0.0,0.025
2026-07-17T06:52:52.238751,2026-07-17,Chicago Bears,Philadelphia Eagles,,,Chicago Bears,,-118,53.1,-1.0,-1.0,False,0.0,,-1.5,Moneyline,team,0.0,0.0,0.0,0.0,0.0,0.0,0.0,0.0,0.0,0.0,0.025
2026-07-17T06:52:52.239499,2026-07-17,Cleveland Browns,Pittsburgh Steelers,,,Cleveland Browns,,136,51.4,9.0,9.0,True,3.9,,3.0,Moneyline,team,0.0,0.0,0.0,0.0,0.0,0.0,0.0,0.0,0.0,0.0,0.025
2026-07-17T06:52:52.240297,2026-07-17,Washington Commanders,Indianapolis Colts,,,Washington Commanders,,-112,52.9,0.1,0.1,True,0.05,,-1.5,Moneyline,team,0.0,0.0,0.0,0.0,0.0,0.0,0.0,0.0,0.0,0.0,0.025
2026-07-17T06:52:52.241103,2026-07-17,New York Giants,Arizona Cardinals,,,New York Giants,,-310,56.3,-19.3,-19.3,False,0.0,,-7.0,Moneyline,team,0.0,0.0,0.0,0.0,0.0,0.0,0.0,0.0,0.0,0.0,0.025
2026-07-17T06:52:52.241890,2026-07-17,Baltimore Ravens,Tennessee Titans,,,Baltimore Ravens,,-395,57.0,-22.8,-22.8,False,0.0,,-8.5,Moneyline,team,0.0,0.0,0.0,0.0,0.0,0.0,0.0,0.0,0.0,0.0,0.025
2026-07-17T06:52:52.242615,2026-07-17,Buffalo Bills,New England Patriots,,,Buffalo Bills,,-162,54.3,-7.6,-7.6,False,0.0,,-3.0,Moneyline,team,0.0,0.0,0.0,0.0,0.0,0.0,0.0,0.0,0.0,0.0,0.025
2026-07-17T06:52:52.243353,2026-07-17,Chicago Bears,New York Jets,,,Chicago Bears,,-410,57.1,-23.3,-23.3,False,0.0,,-8.5,Moneyline,team,0.0,0.0,0.0,0.0,0.0,0.0,0.0,0.0,0.0,0.0,0.025
2026-07-17T06:52:52.244127,2026-07-17,Cincinnati Bengals,Jacksonville Jaguars,,,Cincinnati Bengals,,-142,53.8,-4.9,-4.9,False,0.0,,-2.5,Moneyline,team,0.0,0.0,0.0,0.0,0.0,0.0,0.0,0.0,0.0,0.0,0.025
2026-07-17T06:52:52.244885,2026-07-17,Houston Texans,Dallas Cowboys,,,Houston Texans,,-135,53.6,-3.8,-3.8,False,0.0,,-2.5,Moneyline,team,0.0,0.0,0.0,0.0,0.0,0.0,0.0,0.0,0.0,0.0,0.025
2026-07-17T06:52:52.245666,2026-07-17,Tampa Bay Buccaneers,Green Bay Packers,,,Tampa Bay Buccaneers,,105,52.3,3.5,3.5,True,1.73,,1.5,Moneyline,team,0.0,0.0,0.0,0.0,0.0,0.0,0.0,0.0,0.0,0.0,0.025
2026-07-17T06:52:52.246425,2026-07-17,Philadelphia Eagles,Los Angeles Rams,,,Philadelphia Eagles,,120,51.8,6.4,6.4,True,2.92,,2.5,Moneyline,team,0.0,0.0,0.0,0.0,0.0,0.0,0.0,0.0,0.0,0.0,0.025
2026-07-17T06:52:52.247188,2026-07-17,Minnesota Vikings,Miami Dolphins,,,Minnesota Vikings,,-380,56.9,-22.3,-22.3,False,0.0,,-7.5,Moneyline,team,0.0,0.0,0.0,0.0,0.0,0.0,0.0,0.0,0.0,0.0,0.025
2026-07-17T06:52:52.247944,2026-07-17,San Francisco 49ers,Denver Broncos,,,San Francisco 49ers,,-148,54.0,-5.7,-5.7,False,0.0,,-2.5,Moneyline,team,0.0,0.0,0.0,0.0,0.0,0.0,0.0,0.0,0.0,0.0,0.025
2026-07-17T06:52:52.248704,2026-07-17,Las Vegas Raiders,Kansas City Chiefs,,,Las Vegas Raiders,,200,50.0,16.7,16.7,True,6.25,,5.5,Moneyline,team,0.0,0.0,0.0,0.0,0.0,0.0,0.0,0.0,0.0,0.0,0.025
2026-07-17T06:52:52.249451,2026-07-17,Seattle Seahawks,Los Angeles Chargers,,,Seattle Seahawks,,-162,54.3,-7.6,-7.6,False,0.0,,-3.0,Moneyline,team,0.0,0.0,0.0,0.0,0.0,0.0,0.0,0.0,0.0,0.0,0.025
2026-07-17T06:52:52.250273,2026-07-17,Carolina Panthers,Detroit Lions,,,Carolina Panthers,,136,51.4,9.0,9.0,True,3.9,,3.0,Moneyline,team,0.0,0.0,0.0,0.0,0.0,0.0,0.0,0.0,0.0,0.0,0.025
2026-07-17T06:52:52.251022,2026-07-17,New Orleans Saints,Atlanta Falcons,,,New Orleans Saints,,-135,53.6,-3.8,-3.8,False,0.0,,-2.5,Moneyline,team,0.0,0.0,0.0,0.0,0.0,0.0,0.0,0.0,0.0,0.0,0.025
2026-07-17T06:52:52.251762,2026-07-17,Dallas Cowboys,Tampa Bay Buccaneers,,,Dallas Cowboys,,-192,54.9,-10.9,-10.9,False,0.0,,-3.5,Moneyline,team,0.0,0.0,0.0,0.0,0.0,0.0,0.0,0.0,0.0,0.0,0.025
2026-07-17T06:52:52.252496,2026-07-17,Jacksonville Jaguars,Philadelphia Eagles,,,Jacksonville Jaguars,,110,52.1,4.5,4.5,True,2.16,,2.5,Moneyline,team,0.0,0.0,0.0,0.0,0.0,0.0,0.0,0.0,0.0,0.0,0.025
2026-07-17T06:52:52.253248,2026-07-17,Miami Dolphins,Cincinnati Bengals,,,Cincinnati Bengals,,-205,50.1,-17.1,-17.1,False,0.0,,5.5,Moneyline,team,0.0,0.0,0.0,0.0,0.0,0.0,0.0,0.0,0.0,0.0,0.025
2026-07-17T06:52:52.254034,2026-07-17,New York Jets,Cleveland Browns,,,New York Jets,,-135,53.6,-3.8,-3.8,False,0.0,,-2.5,Moneyline,team,0.0,0.0,0.0,0.0,0.0,0.0,0.0,0.0,0.0,0.0,0.025
2026-07-17T06:52:52.254839,2026-07-17,Tennessee Titans,Houston Texans,,,Tennessee Titans,,160,50.8,12.3,12.3,True,5.0,,3.5,Moneyline,team,0.0,0.0,0.0,0.0,0.0,0.0,0.0,0.0,0.0,0.0,0.025
2026-07-17T06:52:52.255587,2026-07-17,Pittsburgh Steelers,Indianapolis Colts,,,Pittsburgh Steelers,,-142,53.8,-4.9,-4.9,False,0.0,,-2.5,Moneyline,team,0.0,0.0,0.0,0.0,0.0,0.0,0.0,0.0,0.0,0.0,0.025
2026-07-17T06:52:52.256360,2026-07-17,New England Patriots,Las Vegas Raiders,,,New England Patriots,,-410,57.1,-23.3,-23.3,False,0.0,,-8.5,Moneyline,team,0.0,0.0,0.0,0.0,0.0,0.0,0.0,0.0,0.0,0.0,0.025
2026-07-17T06:52:52.257085,2026-07-17,New Orleans Saints,Minnesota Vikings,,,New Orleans Saints,,100,52.5,2.5,2.5,True,1.25,,1.5,Moneyline,team,0.0,0.0,0.0,0.0,0.0,0.0,0.0,0.0,0.0,0.0,0.025
2026-07-17T06:52:52.257861,2026-07-17,Washington Commanders,New York Giants,,,Washington Commanders,,-135,53.6,-3.8,-3.8,False,0.0,,-2.5,Moneyline,team,0.0,0.0,0.0,0.0,0.0,0.0,0.0,0.0,0.0,0.0,0.025
2026-07-17T06:52:52.258665,2026-07-17,Los Angeles Chargers,Denver Broncos,,,Los Angeles Chargers,,-148,54.0,-5.7,-5.7,False,0.0,,-2.5,Moneyline,team,0.0,0.0,0.0,0.0,0.0,0.0,0.0,0.0,0.0,0.0,0.025
2026-07-17T06:52:52.259435,2026-07-17,Seattle Seahawks,San Francisco 49ers,,,Seattle Seahawks,,-205,55.1,-12.1,-12.1,False,0.0,,-3.5,Moneyline,team,0.0,0.0,0.0,0.0,0.0,0.0,0.0,0.0,0.0,0.0,0.025
2026-07-17T11:00:36.523633,2026-07-17,Seattle Seahawks,New England Patriots,,,Seattle Seahawks,,-192,54.9,-10.9,-10.9,False,0.0,,-3.5,Moneyline,team,0.0,0.0,0.0,0.0,0.0,0.0,0.0,0.0,0.0,0.0,0.025
2026-07-17T11:00:38.303465,2026-07-17,Los Angeles Rams,San Francisco 49ers,,,Los Angeles Rams,,-170,54.4,-8.5,-8.5,False,0.0,,-3.0,Moneyline,team,0.0,0.0,0.0,0.0,0.0,0.0,0.0,0.0,0.0,0.0,0.025
2026-07-17T11:00:39.888183,2026-07-17,Pittsburgh Steelers,Atlanta Falcons,,,Pittsburgh Steelers,,-170,54.4,-8.5,-8.5,False,0.0,,-3.0,Moneyline,team,0.0,0.0,0.0,0.0,0.0,0.0,0.0,0.0,0.0,0.0,0.025
2026-07-17T11:00:41.708086,2026-07-17,Indianapolis Colts,Baltimore Ravens,,,Indianapolis Colts,,154,50.9,11.5,11.5,True,4.76,,3.5,Moneyline,team,0.0,0.0,0.0,0.0,0.0,0.0,0.0,0.0,0.0,0.0,0.025
2026-07-17T11:00:43.192153,2026-07-17,Houston Texans,Buffalo Bills,,,Houston Texans,,-105,52.7,1.5,1.5,True,0.75,,1.5,Moneyline,team,0.0,0.0,0.0,0.0,0.0,0.0,0.0,0.0,0.0,0.0,0.025
2026-07-17T11:00:52.297415,2026-07-17,Carolina Panthers,Chicago Bears,,,Carolina Panthers,,114,52.0,5.3,5.3,True,2.48,,2.5,Moneyline,team,0.0,0.0,0.0,0.0,0.0,0.0,0.0,0.0,0.0,0.0,0.025
2026-07-17T11:01:01.502967,2026-07-17,Cincinnati Bengals,Tampa Bay Buccaneers,,,Cincinnati Bengals,,-198,55.0,-11.5,-11.5,False,0.0,,-3.5,Moneyline,team,0.0,0.0,0.0,0.0,0.0,0.0,0.0,0.0,0.0,0.0,0.025
2026-07-17T11:01:10.612167,2026-07-17,Jacksonville Jaguars,Cleveland Browns,,,Jacksonville Jaguars,,-355,56.7,-21.3,-21.3,False,0.0,,-7.5,Moneyline,team,0.0,0.0,0.0,0.0,0.0,0.0,0.0,0.0,0.0,0.0,0.025
2026-07-17T11:01:12.253097,2026-07-17,Detroit Lions,New Orleans Saints,,,Detroit Lions,,-325,56.5,-20.0,-20.0,False,0.0,,-7.0,Moneyline,team,0.0,0.0,0.0,0.0,0.0,0.0,0.0,0.0,0.0,0.0,0.025
2026-07-17T11:01:13.877301,2026-07-17,Tennessee Titans,New York Jets,,,Tennessee Titans,,-162,54.3,-7.6,-7.6,False,0.0,,-3.0,Moneyline,team,0.0,0.0,0.0,0.0,0.0,0.0,0.0,0.0,0.0,0.0,0.025
2026-07-17T11:01:14.784643,2026-07-17,Los Angeles Chargers,Arizona Cardinals,,,Los Angeles Chargers,,-600,57.9,-27.9,-27.9,False,0.0,,-11.5,Moneyline,team,0.0,0.0,0.0,0.0,0.0,0.0,0.0,0.0,0.0,0.0,0.025
2026-07-17T11:01:16.436297,2026-07-17,Minnesota Vikings,Green Bay Packers,,,Minnesota Vikings,,-108,52.8,0.9,0.9,True,0.45,,1.5,Moneyline,team,0.0,0.0,0.0,0.0,0.0,0.0,0.0,0.0,0.0,0.0,0.025
2026-07-17T11:01:17.952751,2026-07-17,Las Vegas Raiders,Miami Dolphins,,,Las Vegas Raiders,,-170,54.4,-8.5,-8.5,False,0.0,,-3.0,Moneyline,team,0.0,0.0,0.0,0.0,0.0,0.0,0.0,0.0,0.0,0.0,0.025
2026-07-17T11:01:27.017103,2026-07-17,Philadelphia Eagles,Washington Commanders,,,Philadelphia Eagles,,-238,55.6,-14.9,-14.9,False,0.0,,-5.5,Moneyline,team,0.0,0.0,0.0,0.0,0.0,0.0,0.0,0.0,0.0,0.0,0.025
2026-07-17T11:01:36.285568,2026-07-17,New York Giants,Dallas Cowboys,,,New York Giants,,114,52.0,5.3,5.3,True,2.48,,2.5,Moneyline,team,0.0,0.0,0.0,0.0,0.0,0.0,0.0,0.0,0.0,0.0,0.025
2026-07-17T11:01:45.459006,2026-07-17,Kansas City Chiefs,Denver Broncos,,,Kansas City Chiefs,,-148,54.0,-5.7,-5.7,False,0.0,,-2.5,Moneyline,team,0.0,0.0,0.0,0.0,0.0,0.0,0.0,0.0,0.0,0.0,0.025
2026-07-17T11:01:53.636153,2026-07-17,Buffalo Bills,Detroit Lions,,,Buffalo Bills,,-155,54.1,-6.7,-6.7,False,0.0,,-3.0,Moneyline,team,0.0,0.0,0.0,0.0,0.0,0.0,0.0,0.0,0.0,0.0,0.025
2026-07-17T11:01:54.249574,2026-07-17,Atlanta Falcons,Carolina Panthers,,,Atlanta Falcons,,-120,53.2,-1.4,-1.4,False,0.0,,-1.5,Moneyline,team,0.0,0.0,0.0,0.0,0.0,0.0,0.0,0.0,0.0,0.0,0.025
2026-07-17T11:01:54.863925,2026-07-17,Baltimore Ravens,New Orleans Saints,,,Baltimore Ravens,,-375,56.8,-22.1,-22.1,False,0.0,,-7.5,Moneyline,team,0.0,0.0,0.0,0.0,0.0,0.0,0.0,0.0,0.0,0.0,0.025
2026-07-17T11:01:55.480980,2026-07-17,Chicago Bears,Minnesota Vikings,,,Chicago Bears,,-180,54.6,-9.6,-9.6,False,0.0,,-3.5,Moneyline,team,0.0,0.0,0.0,0.0,0.0,0.0,0.0,0.0,0.0,0.0,0.025
2026-07-17T11:01:55.481360,2026-07-17,Houston Texans,Cincinnati Bengals,,,Houston Texans,,-135,53.6,-3.8,-3.8,False,0.0,,-2.5,Moneyline,team,0.0,0.0,0.0,0.0,0.0,0.0,0.0,0.0,0.0,0.0,0.025
2026-07-17T11:01:56.094355,2026-07-17,Tampa Bay Buccaneers,Cleveland Browns,,,Tampa Bay Buccaneers,,-285,56.1,-17.9,-17.9,False,0.0,,-6.5,Moneyline,team,0.0,0.0,0.0,0.0,0.0,0.0,0.0,0.0,0.0,0.0,0.025
2026-07-17T11:01:56.695933,2026-07-17,New York Jets,Green Bay Packers,,,Green Bay Packers,,-215,50.2,-18.0,-18.0,False,0.0,,6.0,Moneyline,team,0.0,0.0,0.0,0.0,0.0,0.0,0.0,0.0,0.0,0.0,0.025
2026-07-17T11:01:57.309908,2026-07-17,New England Patriots,Pittsburgh Steelers,,,New England Patriots,,-225,55.4,-13.8,-13.8,False,0.0,,-4.5,Moneyline,team,0.0,0.0,0.0,0.0,0.0,0.0,0.0,0.0,0.0,0.0,0.025
2026-07-17T11:01:57.310244,2026-07-17,Tennessee Titans,Philadelphia Eagles,,,Tennessee Titans,,180,50.4,14.6,14.6,True,5.69,,4.5,Moneyline,team,0.0,0.0,0.0,0.0,0.0,0.0,0.0,0.0,0.0,0.0,0.025
2026-07-17T11:01:57.920930,2026-07-17,Denver Broncos,Jacksonville Jaguars,,,Denver Broncos,,-148,54.0,-5.7,-5.7,False,0.0,,-3.0,Moneyline,team,0.0,0.0,0.0,0.0,0.0,0.0,0.0,0.0,0.0,0.0,0.025
2026-07-17T11:01:57.921305,2026-07-17,Los Angeles Chargers,Las Vegas Raiders,,,Los Angeles Chargers,,-425,57.1,-23.8,-23.8,False,0.0,,-8.5,Moneyline,team,0.0,0.0,0.0,0.0,0.0,0.0,0.0,0.0,0.0,0.0,0.025
2026-07-17T11:01:58.556093,2026-07-17,Arizona Cardinals,Seattle Seahawks,,,Seattle Seahawks,,-370,51.8,-26.9,-26.9,False,0.0,,10.0,Moneyline,team,0.0,0.0,0.0,0.0,0.0,0.0,0.0,0.0,0.0,0.0,0.025
2026-07-17T11:01:59.171508,2026-07-17,Dallas Cowboys,Washington Commanders,,,Dallas Cowboys,,-205,55.1,-12.1,-12.1,False,0.0,,-4.5,Moneyline,team,0.0,0.0,0.0,0.0,0.0,0.0,0.0,0.0,0.0,0.0,0.025
2026-07-17T11:01:59.755435,2026-07-17,San Francisco 49ers,Miami Dolphins,,,San Francisco 49ers,,-535,57.6,-26.6,-26.6,False,0.0,,-10.5,Moneyline,team,0.0,0.0,0.0,0.0,0.0,0.0,0.0,0.0,0.0,0.0,0.025
2026-07-17T11:02:00.340826,2026-07-17,Kansas City Chiefs,Indianapolis Colts,,,Kansas City Chiefs,,-265,55.9,-16.7,-16.7,False,0.0,,-6.0,Moneyline,team,0.0,0.0,0.0,0.0,0.0,0.0,0.0,0.0,0.0,0.0,0.025
2026-07-17T11:02:00.341156,2026-07-17,Los Angeles Rams,New York Giants,,,Los Angeles Rams,,-410,57.1,-23.3,-23.3,False,0.0,,-9.5,Moneyline,team,0.0,0.0,0.0,0.0,0.0,0.0,0.0,0.0,0.0,0.0,0.025
2026-07-17T11:02:00.940219,2026-07-17,Green Bay Packers,Atlanta Falcons,,,Green Bay Packers,,-345,56.6,-20.9,-20.9,False,0.0,,-7.5,Moneyline,team,0.0,0.0,0.0,0.0,0.0,0.0,0.0,0.0,0.0,0.0,0.025
2026-07-17T11:02:09.118195,2026-07-17,Buffalo Bills,Los Angeles Chargers,,,Buffalo Bills,,-135,53.6,-3.8,-3.8,False,0.0,,-2.5,Moneyline,team,0.0,0.0,0.0,0.0,0.0,0.0,0.0,0.0,0.0,0.0,0.025
2026-07-17T11:02:17.292643,2026-07-17,Cleveland Browns,Carolina Panthers,,,Cleveland Browns,,114,52.0,5.3,5.3,True,2.48,,2.5,Moneyline,team,0.0,0.0,0.0,0.0,0.0,0.0,0.0,0.0,0.0,0.0,0.025
2026-07-17T11:02:17.292967,2026-07-17,Pittsburgh Steelers,Cincinnati Bengals,,,Pittsburgh Steelers,,-105,52.7,1.5,1.5,True,0.75,,1.5,Moneyline,team,0.0,0.0,0.0,0.0,0.0,0.0,0.0,0.0,0.0,0.0,0.025
2026-07-17T11:02:17.293291,2026-07-17,Detroit Lions,New York Jets,,,Detroit Lions,,-440,57.2,-24.3,-24.3,False,0.0,,-9.5,Moneyline,team,0.0,0.0,0.0,0.0,0.0,0.0,0.0,0.0,0.0,0.0,0.025
2026-07-17T11:02:17.293555,2026-07-17,Indianapolis Colts,Houston Texans,,,Indianapolis Colts,,110,52.1,4.5,4.5,True,2.16,,2.5,Moneyline,team,0.0,0.0,0.0,0.0,0.0,0.0,0.0,0.0,0.0,0.0,0.025
2026-07-17T11:02:25.471942,2026-07-17,Jacksonville Jaguars,New England Patriots,,,Jacksonville Jaguars,,-118,53.1,-1.0,-1.0,False,0.0,,-1.5,Moneyline,team,0.0,0.0,0.0,0.0,0.0,0.0,0.0,0.0,0.0,0.0,0.025
2026-07-17T11:02:33.644757,2026-07-17,Miami Dolphins,Kansas City Chiefs,,,Kansas City Chiefs,,-269,50.9,-22.0,-22.0,False,0.0,,7.0,Moneyline,team,0.0,0.0,0.0,0.0,0.0,0.0,0.0,0.0,0.0,0.0,0.025
2026-07-17T11:02:33.645156,2026-07-17,New York Giants,Tennessee Titans,,,New York Giants,,-170,54.4,-8.5,-8.5,False,0.0,,-3.0,Moneyline,team,0.0,0.0,0.0,0.0,0.0,0.0,0.0,0.0,0.0,0.0,0.025
2026-07-17T11:02:41.823772,2026-07-17,Washington Commanders,Seattle Seahawks,,,Washington Commanders,,164,50.7,12.8,12.8,True,5.15,,3.5,Moneyline,team,0.0,0.0,0.0,0.0,0.0,0.0,0.0,0.0,0.0,0.0,0.025
2026-07-17T11:02:41.824161,2026-07-17,San Francisco 49ers,Arizona Cardinals,,,San Francisco 49ers,,-575,57.8,-27.4,-27.4,False,0.0,,-11.5,Moneyline,team,0.0,0.0,0.0,0.0,0.0,0.0,0.0,0.0,0.0,0.0,0.025
2026-07-17T11:02:41.824439,2026-07-17,Tampa Bay Buccaneers,Minnesota Vikings,,,Tampa Bay Buccaneers,,-125,53.3,-2.2,-2.2,False,0.0,,-1.5,Moneyline,team,0.0,0.0,0.0,0.0,0.0,0.0,0.0,0.0,0.0,0.0,0.025
2026-07-17T11:02:41.824697,2026-07-17,Dallas Cowboys,Baltimore Ravens,,,Dallas Cowboys,,114,52.0,5.3,5.3,True,2.48,,2.5,Moneyline,team,0.0,0.0,0.0,0.0,0.0,0.0,0.0,0.0,0.0,0.0,0.025
2026-07-17T11:02:50.008860,2026-07-17,New Orleans Saints,Las Vegas Raiders,,,New Orleans Saints,,-162,54.3,-7.6,-7.6,False,0.0,,-3.0,Moneyline,team,0.0,0.0,0.0,0.0,0.0,0.0,0.0,0.0,0.0,0.0,0.025
2026-07-17T11:02:50.009243,2026-07-17,Denver Broncos,Los Angeles Rams,,,Denver Broncos,,136,51.4,9.0,9.0,True,3.9,,3.0,Moneyline,team,0.0,0.0,0.0,0.0,0.0,0.0,0.0,0.0,0.0,0.0,0.025
2026-07-17T11:02:50.009514,2026-07-17,Chicago Bears,Philadelphia Eagles,,,Chicago Bears,,-118,53.1,-1.0,-1.0,False,0.0,,-1.5,Moneyline,team,0.0,0.0,0.0,0.0,0.0,0.0,0.0,0.0,0.0,0.0,0.025
2026-07-17T11:02:58.189063,2026-07-17,Cleveland Browns,Pittsburgh Steelers,,,Cleveland Browns,,136,51.4,9.0,9.0,True,3.9,,3.0,Moneyline,team,0.0,0.0,0.0,0.0,0.0,0.0,0.0,0.0,0.0,0.0,0.025
2026-07-17T11:03:06.369975,2026-07-17,Washington Commanders,Indianapolis Colts,,,Washington Commanders,,-112,52.9,0.1,0.1,True,0.05,,-1.5,Moneyline,team,0.0,0.0,0.0,0.0,0.0,0.0,0.0,0.0,0.0,0.0,0.025
2026-07-17T11:03:06.370361,2026-07-17,New York Giants,Arizona Cardinals,,,New York Giants,,-310,56.3,-19.3,-19.3,False,0.0,,-7.0,Moneyline,team,0.0,0.0,0.0,0.0,0.0,0.0,0.0,0.0,0.0,0.0,0.025
2026-07-17T11:03:06.370635,2026-07-17,Baltimore Ravens,Tennessee Titans,,,Baltimore Ravens,,-395,57.0,-22.8,-22.8,False,0.0,,-8.5,Moneyline,team,0.0,0.0,0.0,0.0,0.0,0.0,0.0,0.0,0.0,0.0,0.025
2026-07-17T11:03:14.540116,2026-07-17,Buffalo Bills,New England Patriots,,,Buffalo Bills,,-162,54.3,-7.6,-7.6,False,0.0,,-3.0,Moneyline,team,0.0,0.0,0.0,0.0,0.0,0.0,0.0,0.0,0.0,0.0,0.025
2026-07-17T11:03:14.540449,2026-07-17,Chicago Bears,New York Jets,,,Chicago Bears,,-410,57.1,-23.3,-23.3,False,0.0,,-8.5,Moneyline,team,0.0,0.0,0.0,0.0,0.0,0.0,0.0,0.0,0.0,0.0,0.025
2026-07-17T11:03:22.710504,2026-07-17,Cincinnati Bengals,Jacksonville Jaguars,,,Cincinnati Bengals,,-142,53.8,-4.9,-4.9,False,0.0,,-2.5,Moneyline,team,0.0,0.0,0.0,0.0,0.0,0.0,0.0,0.0,0.0,0.0,0.025
2026-07-17T11:03:22.710823,2026-07-17,Houston Texans,Dallas Cowboys,,,Houston Texans,,-135,53.6,-3.8,-3.8,False,0.0,,-2.5,Moneyline,team,0.0,0.0,0.0,0.0,0.0,0.0,0.0,0.0,0.0,0.0,0.025
2026-07-17T11:03:22.711128,2026-07-17,Tampa Bay Buccaneers,Green Bay Packers,,,Tampa Bay Buccaneers,,105,52.3,3.5,3.5,True,1.73,,1.5,Moneyline,team,0.0,0.0,0.0,0.0,0.0,0.0,0.0,0.0,0.0,0.0,0.025
2026-07-17T11:03:30.951745,2026-07-17,Philadelphia Eagles,Los Angeles Rams,,,Philadelphia Eagles,,120,51.8,6.4,6.4,True,2.92,,2.5,Moneyline,team,0.0,0.0,0.0,0.0,0.0,0.0,0.0,0.0,0.0,0.0,0.025
2026-07-17T11:03:30.952130,2026-07-17,Minnesota Vikings,Miami Dolphins,,,Minnesota Vikings,,-380,56.9,-22.3,-22.3,False,0.0,,-7.5,Moneyline,team,0.0,0.0,0.0,0.0,0.0,0.0,0.0,0.0,0.0,0.0,0.025
2026-07-17T11:03:30.952408,2026-07-17,San Francisco 49ers,Denver Broncos,,,San Francisco 49ers,,-148,54.0,-5.7,-5.7,False,0.0,,-2.5,Moneyline,team,0.0,0.0,0.0,0.0,0.0,0.0,0.0,0.0,0.0,0.0,0.025
2026-07-17T11:03:30.952670,2026-07-17,Las Vegas Raiders,Kansas City Chiefs,,,Las Vegas Raiders,,200,50.0,16.7,16.7,True,6.25,,5.5,Moneyline,team,0.0,0.0,0.0,0.0,0.0,0.0,0.0,0.0,0.0,0.0,0.025
2026-07-17T11:03:31.738274,2026-07-17,Seattle Seahawks,Los Angeles Chargers,,,Seattle Seahawks,,-162,54.3,-7.6,-7.6,False,0.0,,-3.0,Moneyline,team,0.0,0.0,0.0,0.0,0.0,0.0,0.0,0.0,0.0,0.0,0.025
2026-07-17T11:03:32.428264,2026-07-17,Carolina Panthers,Detroit Lions,,,Carolina Panthers,,136,51.4,9.0,9.0,True,3.9,,3.0,Moneyline,team,0.0,0.0,0.0,0.0,0.0,0.0,0.0,0.0,0.0,0.0,0.025
2026-07-17T11:03:33.031288,2026-07-17,New Orleans Saints,Atlanta Falcons,,,New Orleans Saints,,-135,53.6,-3.8,-3.8,False,0.0,,-2.5,Moneyline,team,0.0,0.0,0.0,0.0,0.0,0.0,0.0,0.0,0.0,0.0,0.025
2026-07-17T11:03:33.031599,2026-07-17,Dallas Cowboys,Tampa Bay Buccaneers,,,Dallas Cowboys,,-192,54.9,-10.9,-10.9,False,0.0,,-3.5,Moneyline,team,0.0,0.0,0.0,0.0,0.0,0.0,0.0,0.0,0.0,0.0,0.025
2026-07-17T11:03:33.642117,2026-07-17,Jacksonville Jaguars,Philadelphia Eagles,,,Jacksonville Jaguars,,110,52.1,4.5,4.5,True,2.16,,2.5,Moneyline,team,0.0,0.0,0.0,0.0,0.0,0.0,0.0,0.0,0.0,0.0,0.025
2026-07-17T11:03:34.228550,2026-07-17,Miami Dolphins,Cincinnati Bengals,,,Cincinnati Bengals,,-205,50.1,-17.1,-17.1,False,0.0,,5.5,Moneyline,team,0.0,0.0,0.0,0.0,0.0,0.0,0.0,0.0,0.0,0.0,0.025
2026-07-17T11:03:34.228857,2026-07-17,New York Jets,Cleveland Browns,,,New York Jets,,-135,53.6,-3.8,-3.8,False,0.0,,-2.5,Moneyline,team,0.0,0.0,0.0,0.0,0.0,0.0,0.0,0.0,0.0,0.0,0.025
2026-07-17T11:03:34.229140,2026-07-17,Tennessee Titans,Houston Texans,,,Tennessee Titans,,160,50.8,12.3,12.3,True,5.0,,3.5,Moneyline,team,0.0,0.0,0.0,0.0,0.0,0.0,0.0,0.0,0.0,0.0,0.025
2026-07-17T11:03:34.229406,2026-07-17,Pittsburgh Steelers,Indianapolis Colts,,,Pittsburgh Steelers,,-142,53.8,-4.9,-4.9,False,0.0,,-2.5,Moneyline,team,0.0,0.0,0.0,0.0,0.0,0.0,0.0,0.0,0.0,0.0,0.025
2026-07-17T11:03:34.229667,2026-07-17,New England Patriots,Las Vegas Raiders,,,New England Patriots,,-410,57.1,-23.3,-23.3,False,0.0,,-8.5,Moneyline,team,0.0,0.0,0.0,0.0,0.0,0.0,0.0,0.0,0.0,0.0,0.025
2026-07-17T11:03:34.229920,2026-07-17,New Orleans Saints,Minnesota Vikings,,,New Orleans Saints,,100,52.5,2.5,2.5,True,1.25,,1.5,Moneyline,team,0.0,0.0,0.0,0.0,0.0,0.0,0.0,0.0,0.0,0.0,0.025
2026-07-17T11:03:34.843474,2026-07-17,Washington Commanders,New York Giants,,,Washington Commanders,,-135,53.6,-3.8,-3.8,False,0.0,,-2.5,Moneyline,team,0.0,0.0,0.0,0.0,0.0,0.0,0.0,0.0,0.0,0.0,0.025
2026-07-17T11:03:34.843784,2026-07-17,Los Angeles Chargers,Denver Broncos,,,Los Angeles Chargers,,-148,54.0,-5.7,-5.7,False,0.0,,-2.5,Moneyline,team,0.0,0.0,0.0,0.0,0.0,0.0,0.0,0.0,0.0,0.0,0.025
2026-07-17T11:03:34.844065,2026-07-17,Seattle Seahawks,San Francisco 49ers,,,Seattle Seahawks,,-205,55.1,-12.1,-12.1,False,0.0,,-3.5,Moneyline,team,0.0,0.0,0.0,0.0,0.0,0.0,0.0,0.0,0.0,0.0,0.025
